GLSZM_SmallZoneEmphasis,GLSZM_LargeZoneEmphasis,GLSZM_GrayLevelNonuniformity,GLSZM_ZoneSizeNonuniformity,GLSZM_ZonePercentage,GLSZM_LowGrayLeveLZoneEmphasis,GLSZM_HighGrayLevelZoneEmphasis,GLSZM_SmallZoneLowGrayLevelEmphasis,GLSZM_SmallZoneHighGrayLevelEmphasis,GLSZM_LargeZoneLowGrayLevelEmphassis,GLSZM_LargeZoneHighGrayLevelEmphasis,GLSZM_GrayLevelVariance,GLSZM_ZoneSizeVariance,GLSZM_ZoneSizeEntropy,label
0.22943865594279206,30452033.808057554,0.007799631877232028,0.762520846488277,147.815916739267,0.0013280210535118924,25084.186618705036,0.00019207572995187184,5720.591407795409,156269.2928468021,664219271725.0741,6.848295824921099e-06,2.625898348176318e-05,-7.9677331634783854,flavigenum
0.20915741801379484,27809770.88979452,0.014253464533683619,0.6016206464627509,58.91074811620198,0.002351973811552375,45103.901267123285,0.00031123745024213596,9154.82878953929,146306.02737432657,602484593290.7876,2.851004951099106e-05,6.593563497000145e-05,-8.024047954612517,neoechinulatum
0.2341533819919038,58158716.0552402,0.006055752153192014,0.8096501262427069,312.4679527700195,0.0008766259756174432,28411.72883280091,0.0001234010009448629,6646.371757408728,299310.3065384925,1267453533331.5159,3.370548360743646e-06,1.2420447024959804e-05,-8.099016278521102,venetum
0.2313431660092646,70915063.1441825,0.007157079048463757,0.7809519997709292,306.2094880406894,0.0009661642500567759,20987.042129084515,0.00012827763505511623,4815.347234397238,348498.5926058253,1548907989791.2788,2.5324572364187902e-06,1.2677796082642469e-05,-7.939306394657085,hirsutum
0.22998664448029932,25595097.766824916,0.0065740050805848105,0.7723238493890938,129.41859422157756,0.0015774907191329502,29122.64105447277,0.00021448142766613586,6607.047587027308,134519.02073013777,557450265739.0027,8.321780549752905e-06,2.998851553548359e-05,-8.142476015085535,freii
0.23286377840301864,23753197.063598998,0.008479606711583607,0.8006839062391223,130.89865015155962,0.0013844705740351378,32946.75780687259,0.00018139979741422748,7634.2158405157725,124589.828212328,516869553658.78534,1.3861434092823758e-05,2.9647828445075042e-05,-7.8360565302350835,entromorphobium
0.2348979851780979,60023695.45596864,0.0062251785574920756,0.8165873134867048,330.16905882011633,0.0008548958026236869,28425.92188431223,0.00012423025547081385,6661.746602798748,306886.3372932976,1308040777128.2532,3.3428152332157576e-06,1.1754456933850618e-05,-8.021470308155871,venetum
0.22931555205588536,38135853.21883041,0.008598211764437678,0.7609291690566008,184.91005607415806,0.0013676341411160515,23186.24813521321,0.00019967762583328677,5287.974437642367,196285.45284194231,832287687305.3379,5.296723619632604e-06,2.099074784564027e-05,-7.896534276797592,flavigenum
0.23170702210272895,55246182.690589994,0.008347567096488507,0.7847218270467652,263.1069690794452,0.0012347596574651264,26584.047501907706,0.00018086085320096685,6126.455359045191,280420.9083852613,1204658734983.5476,4.05506942127223e-06,1.475275219140188e-05,-7.904546735135126,polonicum
0.20716564928985312,94595693.74578527,0.009859629057501089,0.5782184443062978,182.1104123426919,0.0011584745446384824,26006.580844556527,0.00016840804836044858,5282.780536408801,460664.01743256004,2062944829035.017,3.401546517145138e-06,2.1331587852981767e-05,-8.291846891322615,harmonense
0.2337757687505753,9830724.489557652,0.0074842332386047105,0.8168677501273948,62.53647186259936,0.002282233342583454,32244.71631238662,0.0002489339096863631,7555.234753744993,52594.34192878788,213940360944.18567,2.7613834513586335e-05,6.204724944671499e-05,-7.906740119728276,freii
0.22999828905875508,15705199.53396996,0.009156876558484206,0.7727849574768451,82.2207464529424,0.0019990587052561007,28430.127723067733,0.00029650372545984084,6563.981470040118,82986.69617464113,342260853621.45154,1.7279296579814383e-05,4.7202332691785545e-05,-7.833268893862603,mononematosum
0.1945015889660983,87356562.8180438,0.013188921057779171,0.510311146978518,60.414196336354244,0.0024110976898851643,29856.600156422526,0.000319115570736979,5276.093617519783,450420.990909008,1898948026853.4727,5.517979236984397e-06,6.432915864993999e-05,-8.652921815368176,Eupenicillium egyptiacum
0.19127856330543933,69251598.53900023,0.0119982922144513,0.48370701901697,60.486528721967275,0.002276139640549744,32682.822096401705,0.0003013036582975574,5844.168892438015,358620.55212264194,1504911444860.292,6.607827107705827e-06,6.424307112467417e-05,-8.662004142872394,nalgiovense
0.22350497171805847,94971683.29618046,0.007281920043876216,0.705871084424766,237.14422226602076,0.0011814026133848865,24406.452610766602,0.00017917039096331658,5405.476360433341,442312.16256223177,2073029913381.8867,2.2362442747962793e-06,1.638345775067168e-05,-8.160222812622562,roqueforti
0.23274611775007845,55634215.764084615,0.008189703934853602,0.7955568133782945,251.47914223959532,0.0010442449773768406,25897.914496030393,0.0001363548813731775,6004.478785344607,276127.85232886364,1213590852279.606,4.031770893636172e-06,1.543620521052957e-05,-7.896526359934526,polonicum
0.22596287092140788,42930399.15678279,0.010443200246588409,0.7325031598965649,182.00633296704052,0.0011682230849577764,41790.93678698596,0.00014308550300680075,9394.12913761927,222384.41673899017,931682047021.546,1.3379829125827023e-05,2.1328443712706727e-05,-7.889753794839141,radicicola
0.234436124622194,24744769.08625337,0.010045351122943335,0.8143562556853261,144.86782309561775,0.0013734730899197308,30174.630688698784,0.00018380859806798428,7067.667961725655,128890.60259794991,538914494015.20514,1.3916430647996556e-05,2.6788258696864852e-05,-7.572056561689102,dipodomyicola
0.20750870595928367,21899711.2466505,0.010938340226655555,0.5892086654775152,53.065796972815875,0.0022470398602572345,34171.670894127936,0.0002746549697216492,7006.751483896832,114893.94823614937,476271702671.9187,2.014173527921364e-05,7.318053550169693e-05,-8.165084345486077,Eupenicillium crustaceum
0.23671551906109362,14590669.744148886,0.007149330775826482,0.8470417962357087,84.77837341949913,0.0019176443349786271,33766.48922994974,0.00023458896084687254,7964.85664362001,77325.14463216532,317285678868.13324,1.943565384588766e-05,4.577401743705619e-05,-7.813490530162031,glandicola
0.22951229219832475,22742558.00352443,0.008073161046531633,0.77031417443844,102.1892490952866,0.0014569530611791498,29353.62004614721,0.0001809424266375458,6729.9447088131255,119196.21679736051,495566305826.8814,1.2474134706356949e-05,3.7983730307729925e-05,-8.044498277083079,entromorphobium
0.23025423066170492,31921150.101273514,0.008878644868102224,0.7704653723197762,165.30561843794126,0.0014282036087063725,22228.977832552795,0.0001975157348965769,5141.04712645687,165888.53991900088,696898020041.3062,5.041719104980793e-06,2.3478554920134137e-05,-7.921960349225912,nalgiovense
0.2026008844866125,93684924.61932713,0.009402101550397524,0.547249096991818,180.51725219380185,0.0011477287988571176,24165.07611508766,0.0001569744707661098,4760.681055641397,477370.8597610421,2043329600576.0527,2.790778625975774e-06,2.1516637622480103e-05,-8.45559896470052,harmonense
0.23171161268048013,49068989.13712989,0.007491170472185019,0.784707745700445,250.0239873966901,0.0012727230346471898,24989.27076939701,0.0001860903158417234,5729.392990224124,251573.69856961985,1070242612919.6729,3.6705142659372816e-06,1.552346191156655e-05,-7.995657502549797,expansum
0.2250979380429492,17304317.815193474,0.007848972795529863,0.7301764715203888,75.9384554342944,0.0017980061713160943,34636.81857882799,0.00022542641825540528,7686.930687171387,91249.3135389222,376168391980.9474,1.7457293467524877e-05,5.1114570784891966e-05,-8.104289619978852,thymicola
0.2330670313783351,58563448.0292682,0.008243629786379797,0.7985611196197957,257.0214599426747,0.0009651987058955562,22703.471892129797,0.00011946253234613977,5282.363483954117,287344.58681204944,1278720015927.7034,3.3794489167616658e-06,1.510404368916261e-05,-7.871480034135303,polonicum
0.21445756672941327,29877303.449190278,0.009865722167023007,0.6391551453457767,75.40542374435753,0.0019234062103358268,43588.88814203466,0.00023184005097459518,9133.93560060679,157045.20580936532,647652330106.4131,1.795631552274664e-05,5.150663724502316e-05,-8.140414113893572,nordicum
0.23159711070582692,60701898.080770776,0.013609414901544907,0.7828705844812371,286.8970718160479,0.0009427540702421888,23224.39358536317,0.00013385177657737303,5370.069542836418,305956.31812142336,1324975489472.8882,5.049195515258309e-06,1.3530253607486932e-05,-7.436273494914741,olsonii
0.22779158367288993,36929106.70708421,0.008802909755200275,0.7465843720586759,176.02298426572239,0.0013685252323098428,28924.333298305137,0.00018956336825552033,6546.603043039526,191228.63812101432,804548654677.0254,7.423687655333167e-06,2.205070238289888e-05,-7.898242112212418,sclerotigenum
0.2352099927870913,25652751.050854575,0.010059106237233741,0.8239635045999094,147.4244705643044,0.00162171406245813,30865.295837784222,0.0002220147179848884,7281.161808451522,133630.35720982053,558667298296.2803,1.3372239073674294e-05,2.6324119098719406e-05,-7.597402862848832,griseofulvum
0.22505872659659035,16315732.418601446,0.008459833858781508,0.7274716131612944,76.18788845846123,0.002028896860463964,39249.57678263863,0.00025984112162289813,8755.483327878974,87126.17311779318,354293074795.96106,2.457511814470608e-05,5.0943840802245234e-05,-8.031461155658365,expansum
0.2296557262370996,28030921.443221573,0.006197042412479065,0.7702481390490225,134.87588364253637,0.0014792972869697555,28273.44027357416,0.00018278622049793796,6410.72140361654,147030.27699294104,610717041643.458,7.091714554769688e-06,2.8776364451954788e-05,-8.235929682982382,freii
0.20725008382387836,33324671.835941814,0.01282502864027942,0.5843942345976215,79.93520910610302,0.0018774965239938396,29257.375516216427,0.00023164798746337246,5909.075954184748,173065.7846282126,725647639131.3301,1.2501583022959446e-05,4.858333040193857e-05,-8.030358622908704,percisinum
0.20932637615574953,19266230.68874984,0.011744974111480974,0.6021175709856462,51.588107350292994,0.0020668364714442012,36144.20424470469,0.0002427202406505517,7438.464825234047,101400.28731376835,418661948318.0478,2.616144833408551e-05,7.527154558950819e-05,-8.076859709590403,Eupenicillium crustaceum
0.23262133106485353,32256302.26870409,0.010114680380892627,0.797009465511677,149.2137445088393,0.0013652776840751095,29010.58620447811,0.00020059698070912682,6778.940022231804,167443.31049596838,703116926058.5687,1.128333615173688e-05,2.6013436206013723e-05,-7.65913766127085,dipodomyicola
0.22946009042760102,55515805.220117226,0.008415829390916525,0.7655198429271107,189.07652848459307,0.001245551988558589,20835.238462403624,0.00017177852628732287,4762.551087690762,284425.6283345836,1213067909159.3613,3.2943242456004224e-06,2.0534301461130303e-05,-7.966135596575243,expansum
0.21476199457671832,62077852.9788635,0.010539813827690155,0.634815269911548,172.3121317930812,0.001238893389758291,25590.938537610167,0.00017075904442618624,5448.398421154857,318273.17112749163,1354147663590.6838,5.581099401237264e-06,2.2535569140957365e-05,-8.067718658921052,hordei
0.21494427015924422,18895750.00662199,0.01254045514470944,0.6422724413307304,56.83119955635093,0.002786620130488858,31590.499800542522,0.00039057636894672014,6620.253516738371,97141.50550046322,411273670131.7247,2.61639518747479e-05,6.832428343661697e-05,-8.073640534410039,radicicola
0.21763427099725996,55721306.2894359,0.011296184484622518,0.6561126668528523,193.9560776574416,0.0011587559916836374,24188.161388094686,0.0001519691440639838,5194.399474757245,285881.34982349287,1215573895379.1091,5.954698881554052e-06,2.0017558407354134e-05,-7.881011141079514,hordei
0.23327449294272684,8337639.880890125,0.007600335034944608,0.8128494304212501,51.91493182061024,0.002128196591545706,32357.337858136303,0.0002832087695424769,7582.4000671768,44662.59210073738,181461880885.64212,3.36281184430949e-05,7.474331642173396e-05,-7.903937800254468,freii
0.22319439290731766,29472575.120050214,0.007827865272773262,0.7089327141896815,116.78357225381998,0.001596744120345422,33793.55420558759,0.00019495549152377946,7467.818876608526,153672.7951237151,640966913142.0363,1.0013571299533695e-05,3.32409965281543e-05,-8.137651654729876,mononematosum
0.23155111517477084,47922781.11166987,0.007761471870188521,0.7833895308666576,245.3972219093513,0.0011010790770854381,23873.31608548932,0.00014934485612214294,5464.273791182839,247070.554596432,1045506094666.2637,3.6330844138545577e-06,1.5816002190064095e-05,-7.984905573173837,expansum
0.23076896565648458,44637662.489818744,0.008974230686300665,0.7754162791230493,223.24668765166277,0.0010615323727332785,25256.855622241197,0.00014158196962779852,5804.858599187861,230355.97710479298,973618719003.7224,5.228070239455207e-06,1.7385734690558198e-05,-7.861345565226352,expansum
0.2164835730092729,21762251.283791628,0.006424546523915199,0.654309584967195,66.82901329561285,0.002323010075434378,35044.44263023058,0.00030357412880939103,7467.498552011718,113878.71858359774,473243955685.40454,1.2760871879157486e-05,5.8098301999252034e-05,-8.484050395793325,spinulosporum
0.2311085379121326,12296979.467358824,0.006694037250456104,0.7962253320876873,49.23392950164959,0.0027706842014217047,28543.889085844512,0.0004140879988538746,6693.216889059559,66093.72345704753,268187792053.52695,2.083902580179639e-05,7.884298442483822e-05,-8.113651223514227,freii
0.215910517473088,5197031.354088692,0.012692635527871815,0.6632394380673128,22.598051450293404,0.003002071545986697,41789.033458092315,0.00030804066516832194,8924.292603636313,28349.89160277778,112683848635.11714,0.0001187821741376171,0.00017176607606755122,-7.954513952916602,Eupenicillium tularense
0.23040098836544246,71943765.06991634,0.007167602289026714,0.7720244099654252,305.9458557837339,0.0012319274476616437,20426.23672437593,0.00017695964562693359,4684.705613647175,357672.33491601417,1571722877263.175,2.522878373000108e-06,1.2688606480720202e-05,-7.975070287286651,hirsutum
0.23388601502693224,21656182.496481977,0.008698360013245261,0.8104645703003223,124.22196458088237,0.0014992248477008173,26732.082690436866,0.00019599660118253308,6251.931985556728,113250.22070745248,472145747750.7908,1.1526555008732408e-05,3.124046938433423e-05,-7.766061218573325,griseofulvum
0.21725537211762244,34223196.36152027,0.008534815233755873,0.6607014530850117,82.94665971399459,0.0018941511825034303,41694.72006410746,0.00024036243472801998,8901.497788933078,178320.01859837183,742635218050.0377,1.3976678818089173e-05,4.683389860902221e-05,-8.208374424072915,nordicum
0.21987834021652014,24705295.40242195,0.0071267624549425646,0.6850853008225736,67.43538274451586,0.0017568129033519373,36975.81021517626,0.00021655599985665995,7985.805042183552,129810.17166346364,536837995680.0447,1.3992310954418997e-05,5.759778517881199e-05,-8.32160633183873,nordicum
0.21430984509162868,9096286.947857358,0.014839744605776322,0.6465515592422802,31.822344088126382,0.0039007138903980445,43710.5785885526,0.0005026002578630593,9136.144646149542,48538.70572745099,197094546790.3952,8.188161730352707e-05,0.00012200215014279727,-7.882641388234718,Eupenicillium osmophilum
0.22904422688717052,60623762.64176758,0.00947114859702385,0.7597241056026016,279.13735550161294,0.0010070482056542165,25661.360263152976,0.00015027884085918583,5911.1381216574255,312542.41970985755,1322380921040.2104,4.043814063865125e-06,1.3905682896503036e-05,-7.845209261739326,ulaiense
0.22393450257825268,34544214.35574444,0.00830942058112371,0.7133133652858852,146.9976821350011,0.0014023616661180836,28962.820993958696,0.0001582268303651723,6400.920130434505,179975.62637334428,752440353077.7877,7.516834371404482e-06,2.6406787918386085e-05,-7.9780879701612815,lumpii
0.22657096993493256,15543121.874312904,0.008237332487881164,0.7429245095216384,70.4352476728859,0.0018787926632810976,34487.080090013646,0.00022218808678489964,7715.762605905066,81992.06955258515,337892597569.63153,2.0045373264113383e-05,5.510761672154203e-05,-7.997576591630994,thymicola
0.23196894431306234,12023465.165562287,0.006859279212075445,0.8030992661380174,55.10644267523628,0.0017526094395575315,29657.428814842864,0.00021716605435170356,6970.4737295992,64006.915545054304,262082796875.72156,2.2020323284202806e-05,7.043376794839724e-05,-8.08106694658257,freii
0.205518711300386,43882528.608828075,0.02071535530094331,0.5669570028406249,102.71968668490456,0.001698562117320117,36487.66113051247,0.00021308902769078935,7377.826501519801,228475.38657096983,953833748768.9808,1.9370508083446273e-05,3.7808936866550614e-05,-7.655052950779892,nalgiovense
0.22885946579181699,39387593.7416901,0.01073247366168038,0.7566775235634143,193.7785650314519,0.001068327541260194,24625.285141392425,0.00014276057943416856,5652.232835078058,204243.17337975232,859289457225.6715,5.81120898202981e-06,2.002997723152811e-05,-7.763758933905871,palitans
0.22100905776696042,25981599.201387793,0.011721467415022183,0.6909558865360204,90.6071138977034,0.0018757851851876216,38691.62319297693,0.0002445051486389238,8521.461666763797,135699.4100661331,564523919961.9769,2.012322067551815e-05,4.284930388337334e-05,-7.829453650137875,Eupenicillium crustaceum
0.22149583532322942,29885805.238533262,0.009800453038610359,0.6918247338226661,118.67773884104945,0.0013194486023103602,32809.163163960184,0.00016351866871389383,7272.308298160522,155791.2480548916,650442301036.57,1.1325862132836866e-05,3.271083615305299e-05,-8.060266955544193,scabrosum
0.19417501683998795,69721034.92406526,0.01033836135722874,0.5041175533639283,55.39136569443304,0.0023865317586254575,29936.96366168318,0.00031769762138766385,5334.0260409339435,361962.86501496774,1515731415128.3457,5.2699402571074715e-06,7.015564405074406e-05,-8.7327512886825,nalgiovense
0.22398281400309816,39688156.1193215,0.01358761110144207,0.7134971962336829,164.4487883291166,0.0011476301355690356,43711.9150639551,0.0001640353491415998,9738.165661810803,205939.26853413854,860856432568.9585,1.827609864912757e-05,2.3606138973421828e-05,-7.598239660597236,radicicola
0.21547483457405678,108559796.5713281,0.008812500425596063,0.6424209918754519,212.23622045526395,0.0010293465114855954,34700.346099028226,0.00013670177265108607,7522.259492733342,550038.1220706395,2364771138270.1963,4.495330994201244e-06,1.8300981285132037e-05,-8.355629482760191,paecilomyoforme
0.2171727019842457,61445784.55117679,0.011123965472136897,0.6528520576597712,206.1913040792512,0.0011129248555775337,25425.26193897099,0.0001542834926566849,5446.728368548947,314256.5251802697,1339974354132.8074,5.418507889417575e-06,1.8830319753442942e-05,-7.861250415399988,hordei
0.21618998425701969,9987644.013061441,0.01480473162372174,0.6608540110545146,36.19858581513357,0.003009605105648736,42403.26742636277,0.0004229533339857678,8936.316612985316,53270.94424444123,216519125946.85922,7.300769240149805e-05,0.00010724983644018379,-7.8822507451702,Eupenicillium osmophilum
0.2322847001519461,24802101.664988764,0.010940965936418679,0.7928558490408053,131.68087958407264,0.001416067540710811,28718.20991763042,0.0002007951730984876,6683.911123130902,129076.77796154968,540478741116.52563,1.4452448744372788e-05,2.947368854637711e-05,-7.535666502372037,dipodomyicola
0.22254791431679732,50072623.96003547,0.007374721321648833,0.6984863803500766,203.3681188456924,0.0011274833542822347,27432.409956635285,0.00015472602405653297,6026.354133265548,258946.08688135017,1091221023305.7041,4.140664196158818e-06,1.9088071002937492e-05,-8.16422535957186,solitum
0.22899274786171753,37929644.67827044,0.008149278228588854,0.757824972738959,180.0301113775774,0.0013005733816226516,22565.760630267494,0.00020360748359465503,5144.307532493539,194653.8373321718,827967054929.1965,5.017348769521687e-06,2.1560164234425054e-05,-7.980966275565331,flavigenum
0.2032086379845338,29503899.024415944,0.022625095253987846,0.5555096376116664,52.344456987662106,0.0026499408625516147,35467.30915961196,0.00031114580673795755,6990.457415843837,146547.37408760525,641509393913.761,3.155815770759303e-05,7.421541629543666e-05,-7.666750170805818,gladioli
0.2340559543625935,63789494.93358333,0.005857866625828386,0.8099867607996666,309.9062604961737,0.0009129671634733786,28686.39762478869,0.000127192087971781,6727.164419714078,325933.2709732386,1390440651242.199,3.2813186469895436e-06,1.2524338293559153e-05,-8.12628688726108,venetum
0.23092036420910214,31304648.347540278,0.008049630875135987,0.7771799554538484,165.02510699125355,0.0013248382142557265,22781.625138675015,0.00019346513499778607,5283.630056654326,162900.40668762402,683328041527.7452,5.005688586371489e-06,2.3517889911707068e-05,-7.952501874917334,nalgiovense
0.20558281715972657,27631870.630212273,0.020434314942766346,0.5728836218450356,62.72754959188797,0.0021826724339021725,36490.50962646042,0.00029136334484597247,7289.076888745274,145186.99136403925,600308718930.2333,3.0120817925995457e-05,6.191490360330091e-05,-7.684169000257095,gladioli
0.2229550842157338,90511811.33682369,0.007623695450426316,0.7009436412347577,267.93514425195735,0.0010350092976356097,24860.679682502272,0.00012863064863442042,5476.33401435228,430019.18742593867,1975034243456.3394,2.225351751044005e-06,1.4495418246044114e-05,-8.124716570899258,roqueforti
0.21007323044182008,21018824.835082237,0.010100957802184061,0.6059625957515746,57.6011739686553,0.002342239163352899,35420.49959934368,0.0002703813340213397,7348.714276149207,110467.26304437149,456890727319.2167,1.9563702199793625e-05,6.74121962477453e-05,-8.193409396712479,Eupenicillium crustaceum
0.23190656464144188,25310738.794657663,0.007454183555342033,0.7881387830272457,138.4693491063561,0.001446794587505395,28800.172217449493,0.000171515107653546,6644.269023221421,131577.98775337427,551424863618.8862,8.628088385641782e-06,2.8027190468903695e-05,-7.927417052084462,dipodomyis
0.2299571711028169,65880225.02493073,0.014639659722994466,0.7658950804654034,266.3077651097908,0.001064699263699592,23335.37127424734,0.0001574387349881916,5366.18699117239,322661.8743071053,1438187884826.5356,5.1120630722064546e-06,1.4579912733508052e-05,-7.414803584149909,olsonii
0.22974024304077506,34272775.65342313,0.008686115048757137,0.764918362234727,175.03819226497995,0.0013219469044573298,24177.544086752343,0.00017880974104951273,5538.661185386032,177546.52180111848,747742431339.0729,6.441920486626851e-06,2.2173443883083704e-05,-7.835142231646948,tricolor
0.22611674802354173,72084316.6143974,0.007866347134569067,0.7312117621069479,264.6592560923471,0.001079513933888844,22036.775562512586,0.0001537116765788101,4921.376161537889,358701.3473517164,1573955173097.4731,2.2437824079203647e-06,1.4669767264282665e-05,-8.07996773949694,paneum
0.20917018270624782,37492104.048841424,0.021358195628262286,0.593786609202462,101.7260096590316,0.0017667088651108782,37951.25880782152,0.00021965564429702385,7793.4303161071575,195051.38592993983,814426735266.4607,2.411359949561309e-05,3.817479140514593e-05,-7.578333960559713,nalgiovense
0.22357334255719377,41341433.229700685,0.008024708488071498,0.7100393939044839,169.54280635137445,0.0012500151412332555,28845.545238907085,0.00017811335969428942,6358.698800575366,214365.5866466945,900505815132.5774,5.976162633557919e-06,2.2896148356714174e-05,-8.064424500276996,lumpii
0.22308158031865136,21358185.343946178,0.010953060787593498,0.708235139346208,90.14546470382875,0.0020340960252115126,37987.54468935619,0.00028225854630401734,8399.830438654673,111966.63793688625,463945742921.13574,2.125975159386881e-05,4.306153294933243e-05,-7.8545649408301275,Eupenicillium crustaceum
0.22168658225140092,29085735.354080047,0.01099842859257656,0.6925108652586954,119.90640801178331,0.0016111586808321193,34160.2384612154,0.0002159751703379232,7561.938288147911,151288.15700806945,632697262876.2335,1.3048043580502886e-05,3.2374604873809825e-05,-7.926260946384099,scabrosum
0.202982567691582,38067485.9069972,0.01203177486619653,0.553720261110488,70.04124237540117,0.0023915281693813414,28614.87291815534,0.00030497255181271367,5678.187799214418,198171.76260597352,829363795721.1377,1.0976396419290021e-05,5.545511430256972e-05,-8.248170812248041,percisinum
0.20805833771297638,86381036.08273147,0.009596770696525533,0.5849863822886574,159.62236277675078,0.0010740792012669392,25238.198555520667,0.00015711504661749094,5131.463238985179,414920.1414988895,1884275690660.704,3.5465275118389516e-06,2.4338582249922135e-05,-8.27396889444369,harmonense
0.21936548540770645,73457772.13126484,0.010966454912590419,0.6712072171491513,233.78450747114968,0.000912679592301113,39256.70483201582,0.00011999644496473876,8614.524517488086,375304.7108169594,1596585221220.9583,7.92829401020053e-06,1.6608465134622287e-05,-8.007465584318577,paecilomyoforme
0.2292860072777528,35211471.89438352,0.007095715666289979,0.7617116136398066,165.8460503092895,0.0011336756608029844,25238.066163050895,0.00015244273740086872,5764.8784974537775,180406.6413530566,768065927291.888,5.6164803944936645e-06,2.3404140067249525e-05,-8.088327244751916,flavigenum
0.23500491914364627,17612031.775565982,0.006351007077334514,0.8311081517678629,91.53945301332664,0.0016016184883211305,32250.275863093466,0.00018954623086993064,7568.460048803771,92862.67465465418,383251938377.91174,1.4563112871637786e-05,4.2397026976467515e-05,-8.022740853217634,glandicola
0.23014251281896367,28606473.460862212,0.00848200047184156,0.7702689119683279,147.47378647867058,0.0014364845618981927,24246.882476274543,0.0001814127194485615,5564.209396161575,148836.05433697626,624113363280.888,7.70211979847349e-06,2.631743265410944e-05,-7.8469218708094015,tricolor
0.22990143981742395,16628663.942098005,0.010310842122999238,0.7716528289316158,86.98890716023439,0.0017075555896344792,27056.392373731036,0.00023075909421273866,6244.259963559022,87389.22464916806,362517568350.5261,1.709107142846914e-05,4.461585408106812e-05,-7.745003570313872,mononematosum
0.23259788915680182,31303852.038272504,0.008342428304660924,0.7944118125241559,171.88001344394684,0.0013890107265588116,22702.169720409307,0.000177828111187255,5297.731989852332,162570.2006700888,683313332302.2599,5.174854834875387e-06,2.2579292997480914e-05,-7.886405116102505,nalgiovense
0.22848516470044172,35609943.548036635,0.010476561846998533,0.7532959957131188,175.2830925907469,0.0013927791412331662,24677.891660444635,0.00018855399465979368,5662.289704660413,185545.56405473786,776873625314.9523,6.24328310511571e-06,2.2143241425903884e-05,-7.780331402508321,palitans
0.2316901980252918,18454738.32325068,0.006848087301607032,0.7920541197658991,97.97470496321213,0.001747265158867719,32183.864247574853,0.00024390801096795363,7411.542571836563,96948.1017931576,401665481305.1864,1.4340159516470855e-05,3.961146828441359e-05,-8.115852056906109,entromorphobium
0.2230781207473272,45675785.648227796,0.00804291343481958,0.7050866305274803,179.0434751717122,0.0013250946093776436,22427.232924451324,0.00020423753223731682,4966.269885235072,234328.74627907496,997002995144.488,3.617568541173812e-06,2.1682851758402362e-05,-8.155248783501364,melanoconidium
0.221787295810357,51970005.931636326,0.008758408325493865,0.6937338382859608,195.27130606116805,0.0012199243623354505,20751.229295859168,0.00017418271842971594,4574.78594031869,267001.73374500487,1134957473021.6306,3.140771623652711e-06,1.988168239738569e-05,-8.115962607418266,melanoconidium
0.23009032997120946,12153709.026088862,0.010456990765510292,0.782028667601627,61.62066021879775,0.0018292768827304967,38569.0241628365,0.00020713064998549154,8907.690144471519,64276.75804581397,264074000409.80164,4.3191907449871444e-05,6.298477904433858e-05,-7.661096479877031,formosanum
0.22428625509345204,27956038.48612411,0.01123332259585597,0.7153851240575111,124.16246749515294,0.0016075455366517562,33971.70057166615,0.0002050911496326474,7607.1189210957355,145669.24660289948,608150647686.2211,1.3814618501220175e-05,3.126294729966618e-05,-7.832813295691856,scabrosum
0.21547609234494774,18531830.09756373,0.012455604344629919,0.6457726730357339,62.5683714161488,0.0018284499114292908,30348.08336785029,0.000255467781475719,6345.368173624994,96989.14232668749,403366826126.26855,2.4662694548164094e-05,6.205258564029908e-05,-8.040478867576727,radicicola
0.1975478013021465,55179026.037591964,0.02185871280293284,0.5200767179876293,78.92037421221887,0.0018700675133523708,40737.58628656021,0.00022766045998719566,7665.725446823036,285344.63263113756,1196806617281.3435,1.8019188680713135e-05,4.922685351782652e-05,-7.953949935481631,Eupenicillium molle
0.2189673452723326,19953784.581014838,0.007870079838943167,0.6721267266104971,75.31417795985989,0.001767276559074411,37828.51206051359,0.00021869975771912002,8171.602085903676,104976.5623461739,433456581249.3487,1.73775165582574e-05,5.154457046275108e-05,-8.199380003585631,spinulosporum
0.2334289291777301,9495897.914455151,0.007691148647571904,0.8140478388082613,58.103356527551036,0.0019570336698991305,35048.84556461577,0.00019125020210237264,8212.439633620335,51119.76762077472,206472276238.92337,3.311201763143545e-05,6.678338814979819e-05,-7.832663628258085,freii
0.21769809444546853,33816159.58531892,0.007528942237110196,0.6647544165436624,101.14469294607763,0.001728559563783656,39223.74817101818,0.00024663433988154833,8305.1679233685,176106.2439271206,733918198586.8474,1.090415317601216e-05,3.8389845777006144e-05,-8.349287222174288,nordicum
0.22115373989184586,62773338.42212417,0.010187002267850277,0.6854386418497777,230.68353194833642,0.0010366577601108335,36889.26068914802,0.00012987621391412346,8132.947492280834,319047.49572270794,1364675146715.9412,7.779621907879837e-06,1.6830027677730896e-05,-8.0089916518188,paecilomyoforme
0.22643371794556297,40529128.833258845,0.009175941886238523,0.7357850382646338,169.97173316685365,0.0012807702046929237,26660.332022287774,0.00018007949476802314,6002.301881030844,209953.75912480766,883729478335.5834,6.833962302057469e-06,2.2838198823120227e-05,-7.860741255865551,sclerotigenum
0.22863469896773578,28581469.87948413,0.007269284733816748,0.7560548831623386,141.51607108616412,0.0013047247646876226,28264.764282067285,0.0002035318920617044,6413.159431290961,148988.88973360206,622756877645.0697,7.770890930492057e-06,2.742596533862818e-05,-8.048641340932246,flavigenum
0.22994450819582354,40470971.916630715,0.011071326815199147,0.767347722940639,197.47837331108718,0.001195342182434137,23698.56706494767,0.00015981651643728626,5435.890407946747,209475.6261455088,883177629751.5012,6.551906549840355e-06,1.9654971823898294e-05,-7.664521391720884,expansum
0.2251831191894304,36678923.97487356,0.00730434039830668,0.7247171374708803,158.93975203944717,0.001263210268431691,30065.847356892053,0.00017322347323131852,6674.643774693358,190056.66045236966,798641794626.1188,6.498003282283926e-06,2.442239259561878e-05,-8.113300369484806,lumpii
0.2292559466094981,62913968.70549105,0.00966858194684683,0.7618980944397893,283.4112290815818,0.0008611120625310945,25954.034706781218,0.00011322659727196542,5987.949532167604,323759.9247212195,1372300269259.6655,4.00066753118117e-06,1.369630000309483e-05,-7.80678997100553,ulaiense
0.22027536800943545,21482767.73416687,0.007372546422247838,0.6880597881274274,76.25640695280889,0.001841006446511356,37693.181326966565,0.00023076276370086014,8096.981949546818,112941.14499657314,466441776329.1292,1.5321966687387854e-05,5.0911112045462136e-05,-8.284540796218083,nordicum
0.2229622020627952,108069499.73334454,0.007802858652512326,0.7008852363788243,282.91175493812545,0.0010375975745729152,23606.187835748937,0.0001531567025233351,5195.927181623036,500518.0195798361,2359253699697.136,1.8459750332422484e-06,1.3730812355185947e-05,-8.130976816650929,roqueforti
0.23410175928545168,20463950.85442455,0.008801958808620898,0.8118828555727673,120.10317689410641,0.0013844867731306345,28462.28886373818,0.0001924966190329139,6639.182242156118,107268.76067703808,445887062719.6504,1.2867080524165216e-05,3.2311065995506304e-05,-7.718587958826009,griseofulvum
0.20641101131828674,28349839.253866382,0.01633059753705624,0.5825251321743976,48.647172885954916,0.0023090208648261904,46657.293342097124,0.0003098971972268282,9402.512035175943,149556.56242279368,614131085870.9604,3.524026221837905e-05,7.98614961675112e-05,-7.956184269133057,neoechinulatum
0.22772575906283496,17456121.649725113,0.00896663854235197,0.7515073332813385,88.21297369183368,0.0021163212539799235,39846.804978619424,0.0002743952820761754,8997.165142671123,92972.81401226284,378975076810.8915,2.445575799421183e-05,4.399666443973976e-05,-7.885476645064193,expansum
0.2315587963542636,13465625.066869529,0.010314494015936954,0.7937820588213297,73.62697007699349,0.0020104366005657404,39252.68037867689,0.0002882123256588606,9079.601386469372,71176.98118325646,292452095845.1916,3.8066077710498306e-05,5.27104141361725e-05,-7.639799273158774,formosanum
0.22532262328278754,71292896.38732575,0.008177409681864567,0.7241542913400265,241.14191691401803,0.0010785780631744498,27459.310101089108,0.00014710012145556443,6160.442714037123,348586.53262485674,1554609843177.5662,3.3321461564507985e-06,1.6102953300894353e-05,-8.106866357409693,polonicum
0.23009422878767674,44391943.22436565,0.007744299784124605,0.7696430420714702,218.05153414763765,0.001053384470292142,24200.271723563903,0.00012725460995659577,5579.892206471181,229859.74222974887,968643086823.543,4.916410307915829e-06,1.779992408802905e-05,-7.922276860417444,tulipae
0.22047505308491508,52971647.172031805,0.0068063361910805885,0.6819835696107586,181.74410029384697,0.0014450209865385219,25931.011429688515,0.00020768424151487177,5658.284248476232,273020.60087622056,1155206589699.2764,3.7441413310007547e-06,2.1362069415326965e-05,-8.323209428221174,solitum
0.23242635058766195,33066114.01719706,0.007231477316480122,0.7926678562305892,180.77313951244614,0.0012074388780636406,27067.858154834765,0.00015186182684919525,6266.9104237215215,172830.25319880026,720785480762.5588,5.861964346827013e-06,2.1468135354538706e-05,-8.003460874396545,discolor
0.23241984134971438,59090894.16758175,0.008151506373778039,0.7928753048433153,252.46116584003218,0.0010144646062966599,24714.870276544207,0.00014742833479664544,5731.1655666012975,289396.86401405913,1289528234497.3984,3.6779406879661117e-06,1.5377255031995903e-05,-7.911211518418476,polonicum
0.1940583219797857,72035864.16672915,0.010156005020689701,0.5015147061148595,64.71031410525119,0.002098635722453938,29550.55103092784,0.00025328163392992386,5276.677012647982,372590.12358776014,1566512952941.341,4.864834310052942e-06,6.0048928193925724e-05,-8.731503563979693,nalgiovense
0.22727661306381608,39010448.48554286,0.008563598427852759,0.7431383927897465,170.20103605955433,0.0013968540037230534,27772.912382790124,0.00018222671922436172,6278.802243929112,201945.35846866496,850331683615.9891,6.952149242612975e-06,2.2806617565489827e-05,-7.92566190193165,sclerotigenum
0.18864727131839173,81423163.08174942,0.017204778479807652,0.47352439116047196,43.768431419448724,0.002555244973997752,31723.537590143354,0.00033115239643721815,5499.276162477366,421690.75114660815,1769379831890.2366,8.176613189235564e-06,8.880591892596377e-05,-8.49030916489332,Eupenicillium egyptiacum
0.22730180968022007,20147501.666190293,0.007640423576701449,0.7484782305207808,96.20611261587214,0.001635506666508253,32380.94547353377,0.00018953873736880802,7254.407682931597,106095.71519529147,438344157302.6435,1.3233089863735817e-05,4.0343428343261254e-05,-8.083861902220269,thymicola
0.2066946065005166,33663364.953531556,0.013229564821311192,0.577796923196938,81.93413513935104,0.0016904757551533419,30450.900899971635,0.00023225634531901375,6182.609202289009,175219.45369164777,732878468935.9734,1.3304384840279703e-05,4.73974430191997e-05,-8.026528560714993,percisinum
0.22155606487931637,52611850.13029687,0.007307668566748093,0.6903358776950396,203.65195044505455,0.0012251530934025941,25307.899535086442,0.00017481412862033175,5537.185502428341,271382.27516139654,1147348853076.141,3.72129709107485e-06,1.906227704946827e-05,-8.22637204881815,solitum
0.22993921749016133,79069857.51406567,0.013938423043070048,0.7676234378666591,290.848864005806,0.0008641706639348577,23622.246155384957,0.00011343617294901016,5433.335801452257,385150.7731463171,1726233989606.4348,4.452803610138407e-06,1.3350766996487862e-05,-7.521062378343386,olsonii
0.2303402787993391,31832828.569396034,0.006940436109726103,0.7738590728945328,159.6017985689148,0.0010982136101774717,31618.194776986413,0.0001327854757960666,7206.799289753712,165366.1932463407,692832449579.5164,7.4655162542354004e-06,2.4317972624761375e-05,-8.079941162245085,echinulatum
0.22503511193421957,43305230.91604925,0.00999927931481892,0.7239715416962013,178.86747267755388,0.0011912957584335536,41030.32122432882,0.00016116926504600418,9201.558331609307,224199.96001426256,940163298686.0645,1.2478229022791598e-05,2.1702792225221263e-05,-7.949384586101295,radicicola
0.23274533407100342,23052524.174436424,0.008365515393666367,0.7997035173951264,126.54070037042491,0.0013511576553672706,35039.68273145108,0.00018920590533283899,8103.68908135226,120774.39923828075,501274506034.99396,1.4884505635666095e-05,3.0669010918507046e-05,-7.817331147175329,entromorphobium
0.21537742549858627,11280138.993468486,0.015304131866040882,0.6549009802895738,38.31150394874896,0.0029707595637503232,43112.268038696166,0.0003753740837025996,9059.5264879269,59786.237765039,244491702780.95682,6.863706115577142e-05,0.00010134111248776466,-7.883426612352867,Eupenicillium osmophilum
0.23142151590334845,24206265.896340955,0.007752960840696538,0.7830263278749557,132.02557479064285,0.001670814643443589,29180.014569203708,0.0002433268617580233,6724.1994366000845,126103.33429409769,527303688774.39685,9.432324021968977e-06,2.939516227485901e-05,-7.880903303531874,dipodomyis
0.23014270239903836,16304884.654673046,0.009447282698554419,0.7740863340023255,85.5217989448376,0.0018929880018151847,28261.289665071767,0.0002560994285002719,6531.500063156288,85492.57088123799,355344853999.9375,1.719774161466325e-05,4.538096355259218e-05,-7.814163961173615,mononematosum
0.21292429428974685,4083950.0241502677,0.01400649603940364,0.643871014024319,16.91799462200646,0.004330100145816968,44232.06037567084,0.0005294262967308212,9346.55660293287,22363.506073409004,88459680899.43962,0.0001736910397854794,0.0002294499074780983,-7.8884446346742285,Eupenicillium tularense
0.23129570065720456,10338013.698599933,0.007362083139724828,0.7952072933313152,52.68547515117535,0.0023243252895845047,30389.688855838758,0.00026789332683861754,7119.666119817603,54942.937236259095,225224871696.51135,2.6590051461599828e-05,7.366394291445736e-05,-8.019338365988474,freii
0.22611956855557988,15526017.412016863,0.009032686284012884,0.7378876060477912,74.88162973117223,0.0017884796297510997,41392.897119778936,0.0002047935216537586,9295.239056032386,82564.70052009857,336896750554.4067,2.8886871355503696e-05,5.1831666837138404e-05,-7.8914659176378805,expansum
0.21949527353617326,21022877.946680803,0.007220876043547983,0.6819910102349908,67.86871987246779,0.002108457433235914,37127.19682615684,0.00026688693496983005,7927.141640153175,110521.2541342435,456471564242.04663,1.5399913377211544e-05,5.721073260384444e-05,-8.340093534881666,nordicum
0.22726808163408285,79640528.2857155,0.008070433479569341,0.7403364479535343,286.70863567213405,0.0010727080357595623,22119.169533643955,0.00014971109463639891,4947.2565000269715,384829.68641823245,1738842141977.0835,2.0248088490738794e-06,1.3543587680989947e-05,-8.01554113528879,paneum
0.2279439086981277,14787715.669169521,0.009626693891144166,0.7619596050627084,61.06470584016766,0.0022770579800285825,38089.77911630019,0.000317261656884667,8725.365327244206,78311.01621350467,321502003118.38336,3.4435690859494874e-05,6.356835421388171e-05,-7.841220356604425,formosanum
0.2326230888178187,54726885.79877861,0.008388632180481666,0.7939837469621661,268.1168286539794,0.001166472654929202,24453.473379019506,0.00017323250345248074,5664.796365800909,277914.65716870286,1194087888907.695,3.7127468421001688e-06,1.447674425455175e-05,-7.871996337169491,polonicum
0.2291201393900256,36914656.777487665,0.008475991988572795,0.7592681757959499,176.16023793290697,0.0013205942298722402,22947.31874728012,0.00019152108163085626,5232.9712752283085,191110.7538644944,805722034921.6793,5.482338112303577e-06,2.2033465806284817e-05,-7.886141697773479,flavigenum
0.23119298165605265,35258319.87383837,0.007880253412619128,0.7796949480960177,185.81570068983115,0.0011181460051000367,26266.300817550873,0.00014371660934939248,6059.755675734586,183767.9468164586,768785848290.4989,5.678764882780586e-06,2.0886429311494425e-05,-7.954001961465259,discolor
0.2229062689080615,83580129.10763454,0.008542736758907814,0.7024480594767207,233.22350586192294,0.0011029506295046738,26038.47273106534,0.00015745699438135855,5778.30910730019,392550.8457131376,1823713222815.9448,2.9017778672032525e-06,1.6652656583181273e-05,-8.114970678069945,polonicum
0.23227133938088668,33074441.673573703,0.008546658474706242,0.7904697162754596,180.68476685958493,0.0011687278927831467,26623.322110675803,0.00015025288544564367,6171.484024069928,172512.76476461577,721085764100.809,7.538026623640809e-06,2.147898213427027e-05,-7.706137501665114,tulipae
0.2319254397471237,24525297.409560252,0.007422781375097362,0.7887874933675656,134.6625499534605,0.0015877532547052106,29290.444444444434,0.0001994833220748222,6758.943439895544,127916.57415518396,534231083942.9465,9.236330108455818e-06,2.8819226508052186e-05,-7.916633568035005,dipodomyis
0.23062990369931965,17133284.694037236,0.008004183923918919,0.7814707219354609,91.56447950814918,0.001618180058659311,31516.690050064448,0.00020190930289084303,7230.067617035492,90939.44626684391,372951771286.74805,1.6584639197350176e-05,4.238408938471274e-05,-8.013029226161951,entromorphobium
0.2339592798245688,55020523.164139636,0.008148340279322945,0.8079832468426501,257.11094783312603,0.001190132964648216,23817.26644612573,0.00017154517187909375,5563.266549527271,273476.8191624238,1200932167335.3687,3.685859577098288e-06,1.5097612505204679e-05,-7.862910763954094,polonicum
0.1950532577531692,91974552.70694782,0.0164141868236225,0.5112550905932144,73.63070268429684,0.002585044392769484,28791.617256549485,0.00036057840704437966,5113.24288230864,474505.68353592954,2000428411432.0493,5.996689144658929e-06,5.2779852732176365e-05,-8.453779050381389,Eupenicillium egyptiacum
0.2078370835609203,39343280.71083358,0.024547079592515755,0.584742145379057,100.35689635754277,0.001539699216720902,35646.92861725333,0.00020628673912419633,7228.02180829859,204114.96109059657,855144377501.9037,2.4372507306251023e-05,3.869818888946579e-05,-7.491434106064755,nalgiovense
0.22899397314588096,44434359.13226637,0.010223184094852735,0.7593301658281706,195.9734193261281,0.001076735760899075,24614.902751497953,0.00013635271702088062,5635.058790203255,229495.30554803504,969568572412.6272,5.9248416986492066e-06,1.9807508337720345e-05,-7.791147192180681,expansum
0.2299841800018409,35235673.85450214,0.009792037695793652,0.7685271764937645,179.02101919662135,0.0012801927317643885,26009.13985887462,0.00018153982690073133,5977.795310789413,183468.05812897216,768351658581.3351,6.442442701279464e-06,2.168023612478511e-05,-7.796406933622243,palitans
0.23553156512768378,24342505.111256335,0.010090564621765774,0.827438469915824,143.06510966518724,0.0016027258080980726,31985.10379039924,0.0002051303344480407,7559.501853675589,127345.04077880304,529948384139.61224,1.4522127510543849e-05,2.712552198655367e-05,-7.562729504554071,griseofulvum
0.22011131663288758,19676467.35078169,0.00697499008437995,0.6841082887303173,73.36136534970906,0.002215725129815369,36978.39127692767,0.0003017501435075399,7983.688399585666,102970.35470954598,427374703640.1418,1.5220981876535119e-05,5.291766269323821e-05,-8.277423851500776,spinulosporum
0.23034690188886706,55926113.71851932,0.010302408997623929,0.7718572818138705,273.20189821239194,0.0010773821000348638,23866.00314002359,0.0001582230439362637,5516.956507033282,288569.5053283891,1220440563096.4097,4.3868056705389405e-06,1.4207168166481159e-05,-7.6744012394312096,ulaiense
0.23113614443577238,58158026.810349435,0.007211224480393312,0.7793073911828813,277.0161442030438,0.0009889802809479905,23982.515974288548,0.00013043584867456517,5487.459712440051,294912.326286505,1268952395267.936,3.4918590411413426e-06,1.401187346783605e-05,-7.928566571896353,hirsutum
0.23478513931068304,23632212.28113144,0.010424388723379653,0.8197277904393526,132.24241959939053,0.0013253357742298347,31644.905593963413,0.00017104941424528263,7455.178076165858,123783.65103172278,514580884853.7403,1.5446869115874058e-05,2.9346780160897422e-05,-7.551587843124987,griseofulvum
0.22726399176439407,86790747.27602172,0.00804922267573512,0.7400777849306002,307.07885585578725,0.0009303591516292211,22777.390411172422,0.0001337178036335442,5088.544022846762,418268.82244361663,1894613832122.4846,1.92880765022392e-06,1.2645420384977503e-05,-8.015733015184402,paneum
0.22343878034975712,31597710.389506184,0.0076734192929803395,0.7098436496888173,120.92544030109131,0.0013207792235966633,32910.51697170368,0.0001611805614914095,7291.9435395822875,164814.80524444734,687447189872.0802,9.059821433352107e-06,3.210572865954983e-05,-8.179237015340622,mononematosum
0.23067973209521922,27144472.95805664,0.007004231827073767,0.7785282549616916,131.68642022017977,0.0013530666497023425,34069.40148961508,0.0001686590750068035,7770.852179267055,141628.465800962,590248452060.7615,9.991368435640352e-06,2.9473853711385375e-05,-8.027916377243656,echinulatum
0.2322503989416231,40718477.926446825,0.008196013717808117,0.7901245551467567,217.33320881118016,0.0012321711052256182,24561.100141399864,0.0001574919862976795,5704.977608147548,211806.0336246148,888334672190.8557,5.556436781387326e-06,1.7857405530834454e-05,-7.802371872574995,tulipae
0.23134617775660415,28584287.011798434,0.006892134971464442,0.7845398211689659,147.7013991629625,0.0014501578892923154,32141.640919616264,0.00019952724786912287,7347.218390763978,148738.59020841232,622001160788.7778,8.499134288989228e-06,2.6276492405261287e-05,-8.060364810438841,echinulatum
0.2040136857917384,28503315.542005207,0.01857395425465691,0.5648943603356515,48.11870290425102,0.0022472141828342915,32830.17225829024,0.0002833993825963671,6413.837409312024,141611.2435696285,620126964994.344,2.5795786181834077e-05,8.073406463527659e-05,-7.9855367614199135,gladioli
0.22267080956507865,32992913.411325473,0.007561861285169388,0.7036437065799974,131.31099084367546,0.00166083421784779,31586.214930068603,0.00021129050323304667,6963.6653855841205,171793.84348028453,718114093825.3695,8.045785865919738e-06,2.956283975040483e-05,-8.197842529348332,mononematosum
0.22129052070871272,43800400.65406116,0.007910052546700349,0.6898363344066534,168.62930869891406,0.001213676143190037,22354.555411223817,0.00015004219985139243,4902.315724814744,226647.86392459765,956005378535.9706,3.7512199311273503e-06,2.30213874434983e-05,-8.204999380191088,melanoconidium
0.19683312795989297,55983099.80374639,0.02201876897900121,0.5173481674121285,70.99826750429489,0.001755471879929766,41029.42448559178,0.0002297386473986751,7675.795371321007,290178.4708796827,1214014817360.487,1.8196742979131777e-05,5.472340060198728e-05,-8.021832089129129,Eupenicillium molle
0.23240389051898105,37430452.45320454,0.007066805771862858,0.7925794095322638,199.23325886921512,0.0011090092148291592,24858.90667051929,0.0001521599334644871,5773.213775263983,194351.1483584206,816531166869.802,4.7569888392833946e-06,1.9479641719201426e-05,-8.0337778087853,discolor
0.22362450070919954,19554704.003340438,0.01116184332087958,0.7128819021234615,78.42249520650809,0.002356869935345111,38670.59186205581,0.00032975085077455803,8600.392910712606,102529.15286653681,424640614472.6936,2.511588837594826e-05,4.95021458010592e-05,-7.821908411971394,Eupenicillium crustaceum
0.23234912824039708,24747501.87118704,0.00844801609789074,0.795774932921346,120.60746456662932,0.001584013313854303,27113.820399064134,0.00023932304903202277,6293.69772414416,129010.56835164862,539611328663.57196,1.0477260869113535e-05,3.218138542362438e-05,-7.852782819851595,griseofulvum
0.23601434564288185,15069994.864969773,0.007122101860322403,0.8382457084102979,89.28662524008585,0.0019554759747753745,31668.474132993946,0.0002761705831250842,7443.034203594604,79831.82641165341,327955730144.4193,1.6901006563181035e-05,4.3461403494373285e-05,-7.856956344895754,glandicola
0.22883960895003608,34535085.1323708,0.007662944586028841,0.7588463756451217,159.3150046938048,0.0012858945783405958,25904.44,0.00017378589261201127,5930.149639094902,179286.38869853967,753234344599.7295,6.479776743400919e-06,2.436360617011696e-05,-8.0435885274682,tricolor
0.22221501188251153,93464520.91695033,0.008211918317326946,0.6982326195416825,238.273877629248,0.0009906040694359249,26025.924947317224,0.00012889040247191907,5784.687575576627,453459.13832171063,2039737804680.575,2.6674165426121072e-06,1.6300552704476157e-05,-8.183561083540722,polonicum
0.20550142827373236,27071065.426430713,0.02020282924073011,0.5747835138011288,56.14892177778439,0.0024050575408994315,47274.90413158271,0.00030017495745240236,9507.834633882321,143131.57539996755,586265768209.8081,4.0992271963977167e-05,6.917451432596172e-05,-7.7360460822136075,neoechinulatum
0.21431444775464834,4131581.787887246,0.01280385739431148,0.6524021979002944,18.57033913076811,0.004058470046161158,42520.561401060564,0.00038773681850053077,9059.747006810752,22576.43135710376,89550719560.60243,0.0001524541538190972,0.00020901460965699862,-7.959524257920891,Eupenicillium tularense
0.2299565889021169,24360872.749869633,0.006835959482018453,0.7724853975853223,124.45522861431631,0.0013792465399949496,29554.538349556755,0.0001819623713130093,6695.900057111623,128432.39998015203,530488268785.702,9.176226026819697e-06,3.118412213196447e-05,-8.079152099554797,freii
0.1955047792130874,67669333.51498644,0.0196319989512419,0.5106951169163783,61.0386790249997,0.0017076258731373508,37060.615799815925,0.00021092868400661904,6913.279681993134,350570.8391742701,1471055319954.2883,1.4383769394794707e-05,6.366240441458841e-05,-8.214153086973681,Eupenicillium molle
0.22985626226670097,25994567.72439503,0.007920572870439008,0.7725523658604472,119.88866723760393,0.0013277625316197679,34290.80228907782,0.00016463217494308615,7852.676886655282,135690.36583003416,565558649786.0133,1.2937681380495114e-05,3.237559585973821e-05,-7.964136198877083,entromorphobium
0.2155802736755231,21696559.61113571,0.012680301642151457,0.6466958870529564,67.2400772910998,0.0023179426124869448,31509.88673591009,0.00028115326914087107,6630.842773259055,111470.96792818536,472239485650.1623,2.2869700622302908e-05,5.7746498407371234e-05,-8.028205504235919,radicicola
