r_mean_center,r_std_center,g_mean_center,g_std_center,b_mean_center,b_std_center,dominant_gray_bin_center,r_mean_middle,r_std_middle,g_mean_middle,g_std_middle,b_mean_middle,b_std_middle,dominant_gray_bin_middle,r_mean_border,r_std_border,g_mean_border,g_std_border,b_mean_border,b_std_border,dominant_gray_bin_border,label
9.539647415521541,35.95385101352744,9.905777788644922,37.25136276618354,9.830590737933395,37.00389106738609,0,65.89187735341582,78.1828322366108,66.53618758863514,78.61347786608667,62.67366374883857,74.44701858567075,0,47.00868013105775,81.7121497685252,44.7235072619688,77.60372112789311,42.946928945180694,75.05098993845095,0,flavigenum
15.65113692535838,58.14759987458088,16.251394675517265,60.25721561853421,16.341713155850577,60.566343525770804,0,99.70540569168844,114.62987393857408,103.1854565355554,118.42228504734665,103.29976696560978,118.5185485563529,0,55.72064119765553,93.7968540193382,53.224260292352234,90.63554546217055,49.338729609490855,87.84346028703324,0,neoechinulatum
6.862831365560258,25.69968992845723,8.351191802183115,31.00137514114216,7.322807603772183,27.33094721323714,0,66.74645429568575,82.72785208186063,73.0461312838791,89.29702526207006,68.29825375609515,85.8305439621834,0,48.85686616667904,83.43130292893399,47.44635652582857,80.57251907880384,45.37882725675107,77.45083659667317,0,venetum
7.221847977989344,27.396806251708437,9.117799589483798,34.56412588772596,8.543120578216438,32.822577546704274,0,57.10106231985326,68.41145211014062,64.47818586776138,77.32558627266427,60.7370458118613,74.52645078020146,0,36.58306948205083,68.63014154869475,33.870954886889685,63.85660660581574,27.576349462835182,54.78976526792621,0,hirsutum
8.682736455463727,32.58162444271058,9.440125688705233,35.307993649155875,8.51631370523416,31.973491680963516,0,74.06882747933884,88.9312822848232,75.94960973370064,90.68265099148853,71.02502295684114,86.40096235853595,0,54.73229453627181,90.90532387645844,49.152304292929294,82.39489212995588,40.90752697428834,73.33980795391354,0,freii
11.433627786791659,42.86590398593778,11.79353704705246,44.18344742453723,11.424088095667328,42.82678924955313,0,73.56799471185626,85.95504839839097,76.61955411333453,89.34725126182033,74.11166696712938,86.59819105846064,0,57.1243765398714,95.06492672562636,53.30469923682471,89.51442718174835,50.61255333213148,86.67967651294173,0,entromorphobium
6.9313265913146935,26.264310139767485,8.379845330160618,31.403989269374012,7.344955383700179,27.709306016774377,0,67.20210588935157,82.09094185351054,73.89526472337894,89.32804777422244,69.69979179060083,86.69324413224415,0,48.84441998810232,83.71316335396392,46.85223676383105,80.15116157245025,44.041368233194525,75.91488291951158,0,venetum
9.657890625,35.41636925454697,10.384541015625,38.01662323084822,10.05068359375,36.818492582152636,0,60.477939453125,72.03134776056427,62.730654296875,74.12506403979593,58.608408203125,69.51640182478921,0,46.443837890625,80.3626762648083,44.07685546875,76.08002039555488,43.01779296875,74.43084875181478,0,flavigenum
7.786390516493055,29.03569128854111,9.050184461805555,33.61473026977044,8.656595865885416,32.21234924829037,0,60.6832275390625,72.14591293016353,65.71651204427083,77.4512365856081,60.46460639105903,71.56692435379718,0,51.36438666449653,89.68289851222106,49.18653021918403,85.83873493209077,47.482666015625,83.50402366255022,0,polonicum
12.672051826131687,46.69427492916108,13.361352237654321,49.22000677390422,13.545562199931412,49.89854174816966,0,68.99407900377228,81.93891631214774,71.33083633401921,84.32167164425691,69.58439964849109,82.65093563697138,0,35.39627271947874,66.87340853786277,34.53731031378601,65.04528230924367,32.83713777434842,62.305456738362864,0,harmonense
13.138373702422145,48.93422166491984,13.940968858131487,51.87872579452186,13.343529411764706,49.68239871292054,0,68.01923875432526,79.75654767043991,75.56885813148789,88.0258081792682,70.07532871972319,82.05025192620411,0,55.19882352941176,91.97577828429242,54.57674740484429,91.56971643489574,49.83993079584775,85.75641118603943,0,freii
10.55498798076923,39.12639158997048,11.694526627218934,43.23578805472578,11.728966346153847,43.40317139400578,0,63.856878698224854,76.37718800327012,71.07971985946746,83.59818744735949,67.25342085798816,79.24871457844738,0,49.645317122781066,83.56257293981005,49.247989090236686,82.87663940813668,48.4871024408284,81.57255370646362,0,mononematosum
13.146424489795919,48.170385396528644,14.19218775510204,51.992590863364754,14.999077551020408,54.947597217512026,0,86.26097959183673,98.90783846631271,90.35745306122449,103.46977465965502,94.39705306122448,108.08380039595903,0,44.247020408163266,76.76211678139833,42.18248163265306,73.05587522253818,41.1870693877551,72.49480764620145,0,Eupenicillium egyptiacum
14.170229385764365,52.19196690928796,14.229385764365189,52.40279633250758,14.097584209724127,51.91868601551405,0,89.31805365035818,103.19678966404211,90.06758687700045,104.04655010873053,91.72746151501296,105.96056085912281,0,49.19197721383935,80.87989069297736,46.58556241426612,76.70595834409855,44.302716811461664,73.89671077401431,0,nalgiovense
6.1195620252173235,22.749936687532603,7.300884955752212,27.04224762248463,6.935121191949252,25.703655510584728,0,57.78981321951601,73.86629436478951,61.40114241522437,77.227820343999,57.71497865925288,73.51672134035651,0,35.048540410368865,75.77882441396586,33.740685449134624,72.82799518427854,33.76658802568721,73.04145639127103,0,roqueforti
7.925865519037307,29.418752429771267,9.176454866917025,33.92619108194684,8.821461856856994,32.686774781972844,0,60.33699048819933,72.22497829521994,65.26687179627751,77.43141231911376,60.37004193963981,71.92000500449107,0,46.24877333406431,85.47616884760312,44.112873824730684,81.55685719256444,42.96631808338587,79.91753417372485,0,polonicum
16.27069422267383,60.2021664445555,16.313107853099144,60.3457182591349,16.411815938452605,60.68599074582675,0,94.04853752358832,109.50156990620282,95.7304851937872,111.22554437052351,98.6571527072144,114.44116269725168,0,48.38934351865292,81.78140841180446,46.027843300914505,77.62861727783074,41.38730222093192,71.87713253115201,0,radicicola
11.780555712589745,44.446162759333816,12.049070043529877,45.39658749144141,12.093278308553339,45.595653283277784,0,70.75624682005767,82.45084730309013,72.31325965289163,84.17309852324078,70.01780767708746,81.56156770301385,0,53.643380066708126,88.15569681677086,51.847235570128326,85.32421298037997,50.141768895924024,82.96871938679243,0,dipodomyicola
12.163280178326474,45.003729776936964,12.788794581618657,47.239927413857835,13.24826388888889,48.96205973893535,0,77.57486711248285,90.42260753193155,81.59492884087791,94.85960105359192,83.45216049382717,97.23511325716336,0,52.50175754458162,87.68039970124896,51.412680041152264,85.92589477800176,49.93533521947874,83.7225240418631,0,Eupenicillium crustaceum
11.294814494425221,42.54587837441725,11.841623414071512,44.527347416114296,11.119257016532103,41.921869303497594,0,70.56274029219531,85.02964889100606,73.46597462514417,87.97073052205901,67.66897347174164,81.47783464187292,0,64.02905132641291,102.66993956702815,63.141003460207614,101.89792823477376,62.02499038831219,100.87969255742472,0,glandicola
10.194302606826122,38.73353875883502,10.764613007256115,40.79226425448387,10.603869927438861,40.1830030988713,0,69.00324173609245,83.48982814550614,71.94746036011824,86.550722357334,70.0214324106423,84.65483222070397,0,49.33075786079011,83.52931769587714,47.482094866971245,80.4984030499751,44.09908290782048,76.79359887367418,0,entromorphobium
6.619635682980277,24.873397014674367,8.091718407596787,30.173273222992776,7.077736943024105,26.55387815721064,0,44.55770635500365,55.83561309177784,53.40639837472608,63.87796996036806,46.17592677136596,55.722453971915876,0,54.4558299853908,89.3212599051306,53.164593224981736,86.88925150207697,52.56482834185537,86.55608948166655,0,nalgiovense
12.64361276365603,46.335649853127926,13.322509464575447,48.81773322136074,13.548377501352082,49.6591022605521,0,70.85459167117361,82.09063210658564,72.96392644672797,84.3282149626749,71.43458085451596,82.92407755035327,0,37.26598702001082,64.74063164753233,36.34095186587344,62.699343350968384,34.24019469983775,59.53075832697147,0,harmonense
6.225275463585057,23.589355840384275,7.9884738272268505,29.9743537799826,7.830287557108305,29.396049000481707,0,53.87004688106543,66.69274582713821,61.45021499596883,73.82567764745126,56.802576965570786,68.4762691721909,0,54.18659111947206,91.07519992753014,52.36618740481949,87.96568474102729,51.376257875720384,86.53627826320391,0,expansum
9.062544499822001,34.09735096606751,10.665806336774653,40.053219316426336,10.27000266998932,38.58763441173291,0,74.437322000712,90.1545848948056,80.39635991456034,95.69513892020464,78.09972410110359,93.45963221225851,0,61.73669455322179,100.50990902887457,58.039026343894626,94.89907038848877,53.72258810964756,89.4107496680686,0,thymicola
7.3622024983563445,27.561176815729,8.503175542406312,31.67679703690907,8.249040105193952,30.809212657083926,0,58.12647600262985,69.07532729869922,62.61599605522682,73.71146328132755,58.26506245890861,69.1062065421922,0,40.32307034845496,78.23272315359092,37.852965154503615,73.31027608261498,36.644510190664036,71.6620521731911,0,polonicum
11.93238886477773,44.0223047178419,12.35495070990142,45.405976860423145,11.466116932233865,42.23183899023847,0,99.93623287246575,116.4518624361093,99.8740312480625,116.42237767600709,99.2279124558249,115.8724178173947,0,62.35389670779342,100.72628343656925,57.906581313162626,93.91881518606375,53.73020646041292,88.09318475568779,0,nordicum
8.30952822949927,30.684408427216134,9.435669909160664,34.74044321817196,9.666456275834756,35.578257599862525,0,53.88640751466548,63.7224556869646,59.665645652335336,70.0634762264182,58.990142570728445,69.11458692770513,0,46.81115566446375,80.96721673724147,45.87278780228212,79.31952998307497,44.6661840053464,77.74759392710614,0,olsonii
8.406152379406873,31.228468037821795,10.12763195261471,37.431317263778084,9.36276319526147,34.69931376033487,0,62.246815286624205,75.07041893714498,71.59305651344881,85.07109218681832,67.2737940687249,80.84495513230992,0,55.859304637104955,91.16223699108234,52.34072376161305,85.19719245466722,49.98246379163455,81.18604103763548,0,sclerotigenum
11.268655692729768,42.05690562900541,11.785418381344307,43.89557040870979,11.565582990397806,43.04910448646076,0,69.62661179698216,81.10320428003791,73.34451303155006,85.15971394995361,70.90865569272977,82.38023777982225,0,52.23500685871056,88.88094238107034,50.74838134430727,86.55664380365725,49.79908093278463,85.26868147399624,0,griseofulvum
10.935373520710058,40.27927346817831,12.458348742603551,45.83786188011116,13.518652921597633,49.6831247253138,0,83.30551960059172,97.23661816524695,90.48948317307692,105.20374678686333,92.86136279585799,107.88080863359588,0,57.17464866863905,96.3085179488035,52.46875,89.55992704504197,43.50157174556213,79.31046972331588,0,expansum
9.51234748787895,35.44374469811125,10.185691832276627,37.801778831087894,9.328014278864085,34.795323443594384,0,72.30914007139432,87.72105406229365,74.76710266929511,90.06231206341877,70.49516489956844,86.72235044660225,0,50.47828866748362,86.97480958529322,45.39533272950077,78.90096011672608,37.28629655282647,70.84010671619336,0,freii
10.59500254395387,39.46269743145554,11.408601390694782,42.47655505962795,11.54711967889649,42.99546795761627,0,77.09627452088868,89.0192284496765,80.80848267284753,93.16705882491956,80.61283848719543,92.94888546509424,0,47.34142687545933,78.05660633362537,45.1107185256374,74.2980746230549,44.00692520775623,72.47809545165569,0,percisinum
12.728555943067207,47.99041506062299,13.242058629465548,49.840805949914674,13.714746912998397,51.62593629935532,0,81.41009991516637,94.2841272671242,85.3719719106419,98.68252993884538,87.43757658591761,101.24546093710073,0,54.50485436893204,89.32197603062303,53.40722499764351,87.76058725042235,52.4705674427373,86.20812901419852,0,Eupenicillium crustaceum
11.308606211296679,42.60556671521756,11.659551510602364,43.87061924715569,11.628330831300431,43.79800235058444,0,71.93720679301933,84.58264324740126,73.85257553011822,86.7149457012543,71.68434509288797,84.42599730094719,0,42.79717113905048,75.3348681006044,41.97364655657722,73.43839463534269,39.734483486582846,70.37133599195181,0,dipodomyicola
6.379000120758363,23.96996868998583,8.034718029223523,29.932854190671705,7.769796824055065,28.9669581331129,0,53.67696383287043,69.04150568149153,60.222784084047824,74.69572580868235,58.106486233546676,73.36947578273309,0,34.25746437628306,63.816531975117556,35.55486203357083,64.65140197068216,34.26437779253713,62.29045806659388,0,expansum
7.242296797317609,27.02490305662928,10.539990172274251,39.283835808912336,10.394706035379812,38.875315399680616,0,66.98934125332408,78.44256150547305,77.27519799976876,89.72286698074524,82.20221268354723,95.45827936751081,0,33.70495143947277,59.06897564252946,31.79029367556943,54.601221495936976,28.46326164874552,48.8499753243953,0,hordei
13.882997411242604,50.923557992532814,14.33228550295858,52.55269550567849,14.454511834319527,53.00449840290426,0,84.89194249260355,98.22837521829115,88.38905325443787,102.05047026052893,91.70430380917159,105.78454043032556,0,34.68800850591716,63.504938310203045,32.212324334319526,58.37431649529881,26.445404955621303,48.83559637725889,0,radicicola
6.384141061243991,23.836757215997746,8.962241332975006,33.34802675090252,8.651340738750037,32.19668987919687,0,65.37074860401923,76.31401494945955,76.39861596345068,87.93982781187546,80.24290811908388,92.53430526865931,0,38.291274746931826,64.52915756431258,35.39907880199468,59.1731335816374,31.951521395084953,53.51090260749625,0,hordei
13.040146285338594,48.52210203581108,13.824663050624588,51.40624178535319,12.920652531229454,48.07239541929392,0,68.52790105193951,81.13937091281498,75.90212031558185,89.38752506466626,68.52329881656804,81.12289856039892,0,54.48524819197896,90.41500823427889,54.43832182774491,90.69476098701416,49.531845825115056,84.75396027341273,0,freii
9.552984429065743,35.60315990776282,10.381704152249135,38.63869959278207,10.318825692041523,38.420868511233394,0,73.4491241349481,86.81411063067382,75.89535575259515,89.15292932699367,73.20522004757785,85.99938131784175,0,62.41713073096886,100.19135656573751,60.430241673875436,97.3532285723027,59.573678092560556,96.59539236240946,0,mononematosum
6.295854827386221,23.575664122215514,8.03122615304783,29.786605368825946,7.870722810659015,29.209305591329308,0,50.83075913433656,63.115830741838714,58.14164708036995,70.29750911491452,53.74730624828302,65.2741260706697,0,55.16570770123012,91.19122897443668,53.66855407344098,88.47168311701512,52.801471261561005,87.13547542117814,0,expansum
9.094431232659533,33.66859958086189,10.154528339278636,37.444509540548054,10.070493129871846,37.13358121358258,0,60.29556414321575,71.88137080378107,65.17940778174132,76.86522860650393,62.21358501783591,73.60188198048013,0,49.886378649755585,85.34322749823362,47.0085298586339,80.1430553396778,44.80995673140441,76.89482676969327,0,expansum
12.40056999362245,46.19649025165036,12.934789540816327,48.25747912933448,12.431680484693878,46.54092685265871,0,81.34018255739795,95.97012325319973,92.77469308035714,108.58125964226106,99.85594706632654,116.54247933482276,0,39.47797751913265,65.69050024233316,37.28920200892857,60.97356245679463,34.06572863520408,55.14598357706553,0,spinulosporum
11.814630681818182,44.11234527866271,12.872223657024794,47.92478013832543,12.083580836776859,45.05003338276186,0,67.33900439049587,82.44103576144806,75.09042484504133,90.35113359093613,71.04258135330579,86.20410483075574,0,36.162545196280995,64.57301462887806,35.49851497933884,64.03287536445073,29.691212551652892,57.31930979221402,0,freii
14.921299048751486,55.73331109927629,15.694857312722949,58.61229217498417,15.7294887039239,58.742822403453204,0,96.2490338882283,112.24862273605932,100.76582936979786,117.34122749004041,101.01560642092747,117.60791548101429,0,52.26835612366231,85.43456531120498,50.410820451843044,82.20669992117273,47.849435196195,78.02114629001953,0,Eupenicillium tularense
8.237566252028124,30.701583143011295,10.149913466738777,37.80634549367187,9.80875608436993,36.58560336113308,0,56.23770686857761,67.49165692911373,63.0869875608437,75.65521435865425,59.83923201730665,73.27638983878218,0,34.35310978907518,65.92711388635496,31.762709572742022,61.173667256492365,25.89890751757707,54.14050278728826,0,hirsutum
9.770063735691988,36.0436487110543,10.484375,38.61484835064685,10.122544875130073,37.31958974067067,0,62.35854578563996,74.31075106293021,66.12982895421436,78.09747104112257,64.77286030176899,76.42662911605053,0,51.8636674037461,87.19641849416793,49.81931256503642,83.75945450191881,48.75234131113424,82.44539268802262,0,griseofulvum
11.465048010973938,42.569146838834996,11.939766803840877,44.24482276810132,10.861028806584363,40.3322108273146,0,97.00791495198902,112.34537347606243,97.52644718792867,112.7472495328143,95.60356652949245,111.21856181451278,0,58.07438957475995,97.74935498688512,56.191152263374484,94.72217633633518,53.59091906721537,91.48223139509221,0,nordicum
10.024563518153261,36.832662220447986,10.872525385345899,39.862677530305966,10.060431733508656,36.95040364395608,0,86.52282854846958,104.41392871035671,88.60002556797428,105.95755669062792,85.80628606910658,103.90263704982776,0,57.17044707429323,96.16735994474084,55.277156841259405,93.02776655023156,53.591277668200746,91.78811160969691,0,nordicum
16.324187363038714,59.88507031410735,16.643763696128563,61.048757176088344,16.56163257852447,60.74848713048524,0,102.28337289992696,118.13809496722925,104.03739043097151,120.1335330315303,104.11591490138787,120.22949747159039,0,52.864088750913076,87.102884827658,49.74744338933528,81.70102044094338,47.554556245434625,78.21949728512249,0,Eupenicillium osmophilum
13.31278125,48.98650119312727,13.9469875,51.19795444818798,13.89105625,51.097319156702305,0,56.36346875,66.59831451863796,62.65795625,73.13387433207211,60.13714375,70.10748077298157,0,47.52835625,80.75918203781373,45.98979375,77.79439111908245,43.590825,73.6464730201659,0,ulaiense
10.517307778928878,39.564242871193976,10.83575064186298,40.47546654393242,9.987973514706544,37.42968050009782,0,69.4156344308815,82.64772239720624,72.78100085581731,85.53460920547165,69.2593013828206,82.6305574129231,0,55.36567046529436,90.62845237393475,50.83347596955092,83.53793812938324,48.791236881221565,80.85158093671501,0,lumpii
9.476276835604352,35.06317419443893,11.14724046662092,41.14929427886778,10.606190569552005,39.19559414572771,0,71.93804528967748,87.60639523845538,78.53286442505637,93.96029104740691,75.56898833447701,90.9379617697839,0,62.517179688265855,100.90970530416286,60.499975492598765,97.8066535631881,57.342637976668954,93.69170972603332,0,thymicola
11.24315111728317,42.62893760455209,12.306684762024997,46.48522473513815,11.550467112738291,43.71643510300941,0,67.5968943315238,82.57137167765379,75.71095821234692,90.62960473399541,71.66052266128014,86.11430584216468,0,40.99971594495644,73.45330180246226,40.049520262593106,72.1505958007017,34.272345663426336,65.27593894433149,0,freii
14.593836565096954,53.7176531954203,14.783901056094184,54.40326494252976,15.75670879501385,57.971470328711206,0,82.0743269563712,95.03324955578447,86.15578471260388,99.62570338880981,95.21667243767313,110.04176599391738,0,49.10144347299169,83.5115135282829,45.26505150623269,76.07622381544665,42.26541940789474,71.70739298795475,0,nalgiovense
7.303972674921901,27.57363672215126,8.889128307425947,33.400168192165694,8.777842598517068,32.992734933534166,0,52.1983138243818,61.571706900900196,59.41778011968836,69.13561108516926,55.60585644924536,64.51439626479197,0,55.680840453159696,90.97220927497973,53.3586792878919,87.25244277290571,49.859911927434226,82.59895712703837,0,palitans
11.966432,44.159840864654406,12.860816,47.43885769929017,13.545504,49.957927192666375,0,84.11816,97.37757412368627,88.019712,101.46287405470903,89.055632,102.50327772843256,0,51.468832,90.15739146928246,50.029088,87.59949946138737,49.218656,86.25565496560678,0,Eupenicillium crustaceum
10.276506473440246,37.53252785035291,11.784365176621025,43.00885183712496,11.950530129468804,43.61792360963805,0,74.85799722947414,89.03477138208035,80.70873514838297,94.93837730898339,78.70663061431082,92.49713687779712,0,49.09242634130747,83.27590840149311,48.33844371037349,82.01595508189739,46.30555703553732,79.48215339776006,0,scabrosum
14.451923828125,52.51495651170316,14.58921875,53.010258339553815,14.556884765625,52.89334867859984,0,89.5773828125,102.84246708112732,90.485400390625,103.86689368257758,92.826484375,106.55174336172531,0,45.14822265625,75.41853079878109,42.195771484375,70.53414983305069,39.282568359375,66.80211557547176,0,nalgiovense
15.525869229856413,57.45217778768842,15.706301174795302,58.05047997222385,15.984949171314426,59.026638492932754,0,94.00941418456549,108.46064764017027,95.63598156718484,110.07416973313757,98.87033740753925,113.63873578462733,0,54.44958664609786,89.89742065378044,51.86059689094577,85.69653854864971,48.200506309085874,81.35111408611742,0,radicicola
13.629923454221165,50.2801960524163,15.609532922116529,57.26302808581453,16.496307409334126,60.44898335273999,0,68.75957286712247,83.36756435627751,80.80431591854935,97.65931091696568,85.00903871878715,103.83668276041685,0,30.463004421819264,56.074029120764294,31.369277645659928,55.555484481753304,27.452312165576693,47.27699595688334,0,paecilomyoforme
6.102896028069406,22.613726426683368,8.630944875414599,31.750868162605915,8.426722129327596,30.9937194089464,0,62.047922206079875,73.84688590431576,75.04942298730846,87.53033533213932,77.76847537074093,91.19308104571665,0,44.66231737068611,73.77363954275852,40.905361695128974,67.44599179479549,36.785847427427974,60.868500738046876,0,hordei
15.517011834319527,57.56229901133261,15.860618014464169,58.82125025257578,15.81706114398422,58.659692001020744,0,100.62150723208416,116.54172316088938,102.47209894806049,118.65823508194943,102.88178007889546,119.13924266193615,0,51.35449539776463,85.10072414406167,48.227112097304406,79.474703257683,46.02950361604208,75.94099008461377,0,Eupenicillium osmophilum
11.631650253481732,43.06743642399839,12.00796864984558,44.41787077683801,12.011421245848144,44.469400465155864,0,69.69494784686206,82.37558652962224,71.56239438261174,84.48251227519641,69.79366004312104,82.58275990874633,0,48.837451197482665,80.72947205727354,48.03171435231047,79.29478774794407,45.83461045393625,76.37712924830265,0,dipodomyicola
8.391790809241257,31.054190606430357,9.018155851533898,33.32395434442668,8.305769473551319,30.800955005219002,0,68.84893794975382,82.63074176461375,71.75350334553718,86.49589722501513,68.28352638555738,85.16259072527001,0,53.7462678323444,88.10633990510799,48.81158471152632,79.90693864831586,41.907887261709384,69.07888850929481,0,solitum
9.587417428108065,35.635293695718815,10.162147462521261,37.7306327983612,9.93936157588703,36.91760874038175,0,61.60716546022705,73.67492220625917,63.41366045646929,75.15405779783225,59.44508721965112,70.79761690852305,0,43.13645623195285,76.73820332541233,40.680817610062896,71.9850623564293,39.767908706142954,70.59314653905312,0,flavigenum
12.809017724736954,47.468246711905174,14.123525880940612,52.304332325620436,14.953446084316079,55.37312084830963,0,84.59383165030718,97.38806178815767,88.52891744933268,101.87086608539039,93.04214038556599,107.01436242935183,0,41.03594378928042,77.42432161543293,39.01855448061578,73.24461381891958,37.95201610055787,71.19479459885515,0,gladioli
7.223523302760858,27.442885427742542,8.621047165628136,32.311872514433006,7.539049919484702,28.506751659713917,0,67.34401036196877,82.53578719171422,73.41553478494247,89.21543314317263,69.40563373707671,86.57908857919467,0,45.180605148311514,80.73568032784043,44.1549686107027,78.17488659769045,41.52466802025718,73.93172779796008,0,venetum
7.089268360405387,26.29784670338825,8.548151233282429,31.46807611476598,7.425644407422833,27.46505971699966,0,46.404542088944424,59.02467493826231,54.78165347771762,66.20347280889273,47.34581655791568,57.95239374862187,0,54.506744874820676,89.12850942290987,53.052339303068166,86.57778826315973,52.0926465824425,85.75587292109726,0,nalgiovense
13.325364583333334,48.4853280610934,14.74828125,53.632045207064614,15.470277777777778,56.252242720089704,0,86.09079861111111,98.96452253657617,90.10644097222222,103.51808906694863,94.20678819444444,108.1924052859079,0,50.140034722222225,83.92841117752305,47.94435763888889,79.92004258013526,46.52255208333333,77.61928350584591,0,gladioli
6.337979584311746,23.256780042923697,7.603058471928429,27.80994219247627,7.264278367521202,26.587403487377237,0,60.659085175338156,74.38727930419317,64.80524073822508,78.10083067592949,60.410424227134236,73.70716437810935,0,40.08417104931204,80.40612242867995,38.54540647014303,77.25838586740338,38.35504279143783,77.03398621740496,0,roqueforti
13.080868484224967,48.60740194911267,13.686878429355282,50.69471177988149,13.997599451303156,51.95107399166329,0,79.42346107681756,92.81555478125446,83.58650548696845,97.37117567250236,85.03324331275721,99.46018689617851,0,53.35781035665295,87.04001382739364,53.08963477366255,86.68349729087545,51.49522033607682,84.19530780945668,0,Eupenicillium crustaceum
11.258324382384533,42.46283426594974,12.281629826445814,46.21283000046472,11.976228164395952,45.16522641086481,0,61.45334671264628,73.93652184670155,66.65332975295381,78.89771402368244,60.61388433489739,72.19808655570021,0,56.6165272203064,93.2636723884868,54.334515800780146,89.46432482057214,53.23928712759342,87.88454259124194,0,dipodomyis
8.33914239715494,30.666403263072997,9.475358035371011,34.74756215182272,9.798052431757016,35.912194287947685,0,53.58466094771242,62.988458761095714,59.59796712802768,69.61246646268214,59.74446126489811,69.61205722417519,0,42.393184111880046,79.75084187354786,41.157799884659745,77.41389977473456,40.02153618800461,75.71878674227942,0,olsonii
8.121790764235978,30.70742258486523,9.157418087060533,34.52072478613196,8.525492332009057,32.15882515498488,0,58.19505318467256,69.06936334407715,64.76663889956855,76.4422679408006,61.248259216540646,72.64123437600486,0,51.22176299713785,84.21746177199412,48.03217779486522,78.86626880631967,43.281643812208976,70.94400574437321,0,tricolor
5.320742630385488,19.652838979321118,7.080141723356009,25.943930039134738,6.592545351473923,24.195080082787314,0,55.95104875283447,71.63098970797674,61.75140022675737,75.6816055241468,57.17176870748299,72.39821079525362,0,41.42848072562358,77.5932471622882,39.655521541950115,73.99482926965703,39.19890022675737,73.53198077083039,0,paneum
14.914436246141975,54.49478453213208,15.216157889660494,55.58344325057009,16.27926070601852,59.4548249637628,0,83.11448688271605,95.6541709692553,88.29969618055556,101.55294946498933,98.1393108603395,112.838716520462,0,51.52301552854938,86.47159077178082,47.575376157407405,79.49515918029289,44.199785397376544,74.50845969177249,0,nalgiovense
9.522100289590002,35.83847922018323,10.305355509830818,38.48419559703765,9.506363359244018,35.63863265518001,0,69.34611720774272,83.02153868549853,72.81781550068587,86.11103227579937,68.96047668038409,82.65672364737281,0,55.576198369151044,90.81048416227327,51.12680041152263,83.7769695079778,48.601861377838745,80.46045737124501,0,lumpii
12.173460442691212,44.33631250767382,13.029622324494119,47.44012954721266,13.720322886989553,49.946947715588735,0,80.74505077069179,94.97773180892852,84.3775476660092,98.87242307247007,84.95094601504857,99.35571653892917,0,58.34060194316604,96.77858561638868,56.34673825699467,93.9453374989146,55.27330338227774,92.38002893509683,0,Eupenicillium crustaceum
10.116430579584774,37.60981021968632,11.606563581314878,43.09486119205988,11.80574178200692,43.84253778088654,0,72.8093777032872,86.14250552910858,79.30199772923875,92.87906680937745,77.52641111591696,90.56706449588698,0,55.23337478373703,91.03250512592541,54.66779303633218,90.27614194467155,53.2594750216263,88.27821549953566,0,scabrosum
10.934715614186851,40.586918316423635,11.753635921280276,43.61248632663791,11.820650410899654,43.857170579699265,0,75.51116457612457,88.32293279274062,79.00436580882354,92.29327172025924,79.12074232266436,92.35591131364434,0,40.900775843425606,71.32821643515365,40.70580125432526,70.26940158081142,40.055728265570934,68.80939114778178,0,percisinum
12.09910767400357,44.4778248103668,12.738500892325996,46.802944902426454,12.90700773349197,47.44701959989791,0,70.59518143961927,83.21463343484244,72.76484830458061,85.5642482649332,71.46368233194526,84.4349654967773,0,30.71368233194527,60.88642441261295,29.904961332540154,59.04162264389351,28.374741225461037,56.444975209116016,0,harmonense
13.133433685733623,47.94783108891338,15.643743144530795,56.941905497240064,16.873631823379775,61.38418775886518,0,78.88117575672712,92.96498161217906,91.9578694952041,107.39412508365659,97.32541016126397,113.63483779139622,0,40.07032836238886,70.19707758293298,39.94647483021774,68.62225243918884,34.27305187985717,58.13039077975592,0,paecilomyoforme
10.321895424836601,38.81788387213262,10.621085907129736,39.84897936560272,10.585511982570806,39.74490649407778,0,65.87514417531719,78.45139404790746,66.44698620188817,78.73898186777986,63.24673202614379,75.42973788956728,0,45.540283651586996,80.57553047827193,43.168685121107266,76.11909152392606,41.08290614720834,73.31225211942012,0,flavigenum
11.806239669421487,43.6109610993236,12.30845041322314,45.36830230693544,11.66103305785124,43.0848602650527,0,76.95663223140495,92.22720506863021,78.81760330578513,93.82768008229095,74.14190082644627,89.06939529491642,0,52.287314049586776,90.37744436881792,49.337272727272726,87.10570029548613,46.38555785123967,84.80856957434214,0,glandicola
8.807844387755102,32.76261600277639,9.766964285714286,36.20624988991548,9.074579081632653,33.67116964110544,0,59.70738520408163,71.03467733602096,66.37059948979592,78.47253380408861,62.99502551020408,75.19365560075241,0,49.17360969387755,82.1550700546502,45.6625,76.19453082357992,40.891122448979594,68.08147285938773,0,tricolor
10.636409293388068,39.11614302326019,11.886693160974758,43.62092868164521,12.030876059044457,44.17472206044021,0,60.55295222290157,73.1590866284227,68.23255306140274,81.07050209771879,65.11520656825924,77.37067827771428,0,49.40734998689842,81.9790427660055,48.97674469385973,80.97980733128843,47.414140973010745,78.60705848517128,0,mononematosum
6.435137417823229,24.119015157896385,7.965074872169467,29.59636686530645,6.762155314097882,25.28598174561657,0,47.685799397370346,60.06845940832888,55.74893855003652,67.03387405778142,47.64326150474799,57.94396853873586,0,54.36181747626004,89.58076402468244,52.22614590942294,86.28592144441107,51.56999863038715,85.92425682864464,0,nalgiovense
7.141727367325703,26.776673743146954,8.663257023933403,32.307856678025914,8.575556711758585,32.002815690192534,0,52.16882414151925,61.3360977616988,58.79855359001041,68.18477323210304,54.8061186264308,63.38934409558023,0,56.37869927159209,92.29058072355457,54.11993756503642,88.41670269414399,51.12028095733611,84.26028677803261,0,palitans
10.483064452972041,40.60648093555402,11.062964993343254,42.649636495036546,10.857330252956379,41.9271282330649,0,75.19717675620643,90.00517941266595,77.99430260787845,92.76521555506062,74.28428224606469,88.6811298284363,0,53.734806954342545,90.95899485700316,50.17100007831467,85.46311058301448,45.636678674915814,80.06969891950118,0,entromorphobium
6.538636602359861,24.471870278905246,7.9914218689821785,29.779956055244643,7.67267427611078,28.628034498022355,0,54.69501242953678,67.34659388962172,60.27295087707013,72.10429230870922,55.897228738489545,67.40100355302138,0,49.476060011904345,84.6289958599887,46.19188753895172,79.05176502691637,44.642860894226395,76.88946326157021,0,melanoconidium
6.231117942635998,23.24271900807785,7.702069223806998,28.62522593079286,7.498353671857932,27.897485105362367,0,53.0037764114728,65.18844406795895,58.350628881745266,69.66274258748513,54.58280796479511,65.56371386294644,0,47.20280265909304,81.02298121618577,43.69531225617178,75.10149660618542,42.2517243531725,73.26167260619273,0,melanoconidium
10.110041057843256,38.144323701346984,13.197500301895907,49.08350901450086,14.749335829006158,54.56297365148027,0,72.32293805096003,87.71783664928186,85.93394517570341,102.26696163287045,94.21274604516363,111.56381617559397,0,56.33576862697742,94.59793612984414,50.481584349716215,84.28401429693906,44.96473855814515,75.14726089748007,0,formosanum
10.116063100137174,37.308949817600165,11.644636488340192,42.90221950331739,11.85355281207133,43.678777971951206,0,73.26245541838135,85.42289453881455,80.03805212620027,92.47423223517579,78.0480109739369,89.98260752245348,0,54.81962962962963,91.19568637894488,53.88168724279836,89.98206806208933,52.06142661179698,87.54069944560003,0,scabrosum
13.251632653061224,49.15557112951405,13.452539682539683,49.89260113229972,13.434036281179138,49.84556901903577,0,84.89054421768708,97.2873105079394,88.44857142857143,101.23985129958909,91.71659863945578,104.94558702947745,0,37.64310657596372,65.41450251705065,35.02015873015873,60.30027039323913,29.08360544217687,51.204210061723565,0,radicicola
16.303531583431376,59.34906217533245,16.271157044910545,59.230663408865496,16.388484319850704,59.65565234516635,0,94.87446752403748,109.84891580931428,96.08782303541726,111.24013815555223,97.18464237900118,112.50430122308757,0,51.84648464440748,87.28910568348753,51.509412146537386,86.45678054544229,51.31302486916305,86.4701485886853,0,Eupenicillium molle
11.510753997240483,42.50406515079945,11.732408083759434,43.34883387567999,10.927380082785488,40.48271829748066,0,81.30312068825582,96.0063480598457,91.48151529908287,107.69051801267544,96.42121175229283,113.91324985850171,0,54.8054541027514,89.71081047762533,49.86385033682331,81.20021633354567,43.06460514568623,69.36390119687464,0,spinulosporum
13.454020902888663,51.22415182335244,14.074647989548556,53.554855678451396,13.167331978516476,50.1513536729463,0,72.78374945565395,85.78890395396341,79.58212367542458,93.22902448910138,72.09878066482798,84.96656825463916,0,57.084591377558425,93.33210933204676,58.62258673247206,95.46074807893362,54.980802728988245,90.9131065737778,0,freii
11.167628487138346,41.56634957842745,11.550592619429636,42.936684352514845,10.685937580870556,39.763658747324705,0,98.78866259510377,114.06949680468284,98.90546555561306,114.26376063335785,98.32352103928368,114.03899745427056,0,52.50698721598261,88.8627998091688,48.34205010092645,81.8212281781756,44.19921329123751,75.77148425765813,0,nordicum
12.634566326530612,47.46473922495631,14.965971209912537,55.37478505795693,16.083174979175343,59.32388793611406,0,78.04766894002499,91.00706444135585,91.41638900458142,105.99459354826294,97.24718867138692,112.67247840779271,0,41.370978238234066,69.83425538224283,40.46784542898792,67.67167049075086,33.57832023115368,55.72875360062152,0,paecilomyoforme
8.226013656880522,30.805047365864787,9.8613672312025,36.64930889196966,9.263087843833185,34.52349491890363,0,59.865639828710314,72.42201447956829,69.1692546583851,82.41161546729954,66.15301300104163,80.05527640735814,0,49.99856294124455,83.37688988793384,47.50992438563327,78.65001782385578,45.19806334632152,74.4655406536354,0,sclerotigenum
9.828994358470059,37.171728637980536,10.17050100926453,38.37254900049136,10.15263185135345,38.35568407067629,0,70.10483411831686,82.85501933493349,70.46272190880389,83.0533006755046,67.73515863568139,80.49881377403051,0,53.347044666425134,88.5983070892744,50.39081828062729,83.75042853845609,48.34111847212877,81.06606280154081,0,flavigenum
8.852075298438935,33.08384208045591,9.925821854912764,36.935127999455865,9.823204775022957,36.577621297922434,0,57.98793388429752,68.70686807251585,63.500743801652895,74.44422832398742,61.32724517906336,72.26196863976773,0,46.42001836547291,79.20860373123745,45.87728191000918,77.66284292811059,43.62231404958678,74.45087186311412,0,expansum
10.988805026142689,40.88403867416719,11.44968586608197,42.298541284700256,10.422341457244055,38.65255470659691,0,72.6584373418789,87.03072620871846,76.1340761511216,89.97667257358378,72.39920306965762,86.97966023073143,0,53.60915626581211,88.94149951823711,49.51490554899646,82.30781745630749,46.836977146230396,78.6501822939062,0,lumpii
12.145053265063456,45.70500517417021,12.864550219612221,48.26861667842675,12.704797495692688,47.85114643701469,0,56.69785119755393,67.11723136066458,62.95351743551166,73.67166422772873,59.92209832803514,70.21012135838534,0,48.46406731539227,81.76573433460685,47.41261617607804,79.37006006696285,44.86347035841685,74.94941236818036,0,ulaiense
9.949484456755926,36.69462685366512,10.767255309325947,39.6329435972589,10.136214989227454,37.37233127082456,0,87.94367497691597,104.9655477672195,89.04595644813789,105.48381142308725,86.83306401969837,104.23444049417165,0,60.61930594028932,99.13970998414798,56.89013927362265,93.76201016588914,55.35647506925208,92.04191421724786,0,nordicum
5.992112482853224,22.350483790366482,7.287761012040847,27.05567796200287,6.982340937187759,25.93229372966411,0,58.94049010144118,73.42326826519306,63.401467425358604,77.50924510095508,59.71883097088858,73.95492515821174,0,34.59704228691426,74.71047303539234,32.93146369963928,70.99358079081938,32.3270504157564,69.96629462937074,0,roqueforti
9.823782528515812,36.439755847483276,10.582371422717028,39.186238147668114,10.3959770507479,38.51163171221558,0,62.05416296701045,74.34992155965452,66.20486988593676,78.72616287858848,64.66732122122806,76.70019607216844,0,57.62200327846458,93.08918883616859,54.87755276278943,88.96858513515912,54.11250939143501,88.02615258714283,0,griseofulvum
15.45877303804994,57.719603155124425,16.27078998216409,60.61863194482987,16.3036935196195,60.7231878955042,0,100.7586392687277,117.19472857077199,103.09709423305588,119.7976632964066,103.03604340071344,119.70144843842223,0,54.971406807372176,94.62831069796843,53.19584200356718,92.21101464338855,49.47005053507729,89.98403046087759,0,neoechinulatum
10.93929383048565,40.99000174291138,12.112490531100075,45.27737756113997,12.501893779984849,46.743229292280034,0,82.76782257385742,96.02631885503654,89.81232640350139,103.89999180793563,91.78211009174312,106.14398261633764,0,60.55485649356115,99.84537873476438,56.23114636815083,93.65670571686465,47.99015234407878,83.75689887145923,0,expansum
10.515171644170476,39.31329192951377,13.769024338399404,50.79147955075481,15.153257519396323,55.68201667355318,0,73.83630035072802,89.14343578075315,87.79633861196727,103.71635842003019,95.56384844298013,112.33825343830358,0,57.949596131363585,96.62583207272232,51.561430545222656,85.69702874545236,46.41834945265172,77.57779191002584,0,formosanum
8.339199029126213,30.955284422306413,9.330226694316147,34.593422012800325,8.62717386181544,32.03163153589847,0,65.47690640022623,78.18200660175697,68.94631916297483,81.6590434421675,62.03782166085399,74.07558422791328,0,43.73606136299369,83.98826151213179,42.186663446130645,80.94833110353636,40.86973913658215,78.86410242596159,0,polonicum
8.779319389221158,32.9479886470218,9.590363861138027,35.8460027109931,8.85651040796552,33.16111433026839,0,65.90142503925958,78.20345972485238,69.11015236058672,81.55661249695694,66.94008319689932,80.51520599450217,0,44.27570249590698,75.22813100407821,40.33261218216445,68.75541493387864,35.083998797153264,62.38807126871682,0,tulipae
8.217349450826916,30.281553808232925,8.79450984724151,32.37816517265465,8.084545827547027,29.80167092805316,0,71.84453509657871,85.46921093114942,75.85145499305644,90.66689826087327,75.33424599166771,92.88740336548037,0,40.67934919833355,70.46540301884569,37.012309051887385,63.25904593852097,31.413899760131297,53.47752237054847,0,solitum
8.010712430747922,29.958716724598563,9.119102752770083,33.9525432159424,8.653988486842104,32.26478994451267,0,57.43577951869806,70.2029862636822,62.91810941828255,75.54910501215691,58.1350740131579,70.49713522579722,0,59.07798433171745,96.41292416051706,55.61236149584487,91.20176190769315,50.29151878462604,84.62939355641024,0,discolor
7.728560157790927,28.865482679128306,9.02802761341223,33.553569042878806,8.691222879684418,32.39571944385503,0,60.73668639053255,71.89506096753668,65.95163050624589,77.3670271573574,61.46214990138067,72.5994671048607,0,41.23746219592373,80.23603171032539,39.11395792241946,76.00040856697846,37.59800788954635,73.86034612538835,0,polonicum
13.846530701117723,51.16865359193564,13.898878647118595,51.35878243085943,13.864820728697925,51.23188740869727,0,88.19323377848744,102.08553948273156,88.72675642328349,102.68448732845883,91.19632747858905,105.54022103207075,0,45.213084264769925,74.57279186997,42.10142074321382,69.62766030400485,39.314105820873856,66.1201617477906,0,nalgiovense
8.066631066809066,30.48395445103423,9.714983584510106,36.45741168467129,9.015426604960247,33.917813610577056,0,63.40700526086785,75.72895348909333,72.36390965547248,85.13302739591792,69.05250978996084,82.25704037447633,0,49.451247972785886,84.082452117786,46.987342272853134,79.23903151176536,45.396374747834344,76.09811934570827,0,sclerotigenum
12.857548392013413,47.3562535250089,13.935699588477366,51.31544022329161,14.778492226794697,54.41615176024455,0,84.76869951226948,97.95034793142354,89.0044295839049,102.7071099198524,93.34569806431946,107.69902110873262,0,49.930679393385155,83.18302508441153,47.54528654168572,79.16558314590606,46.926392699283646,78.94197726328353,0,Eupenicillium egyptiacum
9.116490784780023,34.19566847746736,10.725308412604043,40.14070768664047,10.221741230677765,38.27601849298355,0,68.42315695600476,82.74094236661514,75.07695451843044,89.19405177973533,72.6295518727705,86.60529135503756,0,60.57132505945303,99.5562307297413,56.8877266646849,94.0106371556432,52.78799420332937,89.21555949539204,0,thymicola
11.14372633103141,40.72934686912578,12.042534528848297,43.99666486796653,12.071744820672755,44.102533813694265,0,77.61947259968812,89.89997588387594,81.71668244597906,94.42713364153991,81.35102472711071,94.05392874355286,0,46.34484294943194,77.40038518996235,45.48613276899086,75.70451777342824,44.21211572733348,73.4160118886855,0,percisinum
8.141723390616892,30.008265030727056,8.670492353713257,31.926733628251306,8.020420622081133,29.59896003739623,0,68.6597555019688,82.77716863990571,71.08977137450017,86.09765485452688,69.0762568297671,86.49220815083132,0,47.65014804187906,80.01126930866748,42.70758676475077,71.3606918488027,36.3115136900583,61.213792771578326,0,solitum
9.030211776859504,33.23176240429102,10.159757231404958,37.23995759223957,10.445046487603307,38.260394076591794,0,54.86135330578512,64.78733664774603,61.19878099173554,71.68801617978929,61.38515495867769,71.72576463652845,0,37.90780475206611,75.89195585742013,37.173667355371904,74.04881552984561,35.85930785123967,71.92537870888094,0,olsonii
8.781595631449859,32.48996202667144,10.175366745337591,37.48825934812061,9.680075431533158,35.72725325412436,0,67.11664121430886,82.23228044920916,72.05372761349437,86.74562319356971,67.26191633115832,81.84958770853721,0,60.00075200148086,98.56668937811719,57.93845157110463,95.2870610615777,54.90329260956083,90.86965189134686,0,echinulatum
15.833774858470024,58.73623047888619,15.915871316591668,58.976598233185065,16.1432900275802,59.74215087041518,0,92.87601611264334,108.24324363900685,94.47671106111191,109.82317090143852,98.12256858760342,113.83395149199899,0,47.183381114820726,80.14687276640323,44.32165408622441,75.06436078618762,39.41427456815212,68.92613740928381,0,radicicola
11.97721495442991,44.238279768731935,12.380742761485523,45.681140099328175,11.880851261702523,43.861949601510226,0,74.01023002046004,87.81454603389692,77.3981492962986,91.60003881598846,74.31310062620125,88.18492972362448,0,60.59399218798438,98.53639506207186,58.094875689751376,94.81583402154044,55.601292702585404,91.83915803280725,0,entromorphobium
15.007733491969066,56.22234146873039,15.4113251041047,57.717840755912476,15.31629238548483,57.3634167538369,0,100.58544021415824,116.68597519687525,102.55989738251041,118.94815842488714,102.62618976799524,119.03520506894787,0,53.238213860797146,87.7041497018193,50.053576740035695,82.21904275664308,47.864440809042236,78.97850165483474,0,Eupenicillium osmophilum
12.049437869822485,44.21478085255802,13.008594674556212,47.67432291274899,12.765591715976331,46.86394344021071,0,62.366863905325445,74.85184773338989,67.17532544378699,79.40775341496196,61.366257396449704,72.91100383192257,0,56.59059171597633,93.34266080246158,54.241139053254436,89.43357673608399,53.17609467455621,87.82279375593947,0,dipodomyis
10.570265218939124,39.82402163225601,11.699514951940193,44.00255384892219,11.775498398006407,44.31235582190733,0,61.87691349234603,74.15973096627721,69.70109469562122,82.47081219147994,66.16952207191171,78.29627159497117,0,51.04543431826273,84.53091977381382,49.950916696333216,82.76739272536899,48.74915450338199,80.82769581538585,0,mononematosum
15.795751633986928,58.44804915020355,16.375240292195308,60.57780786427187,16.27076124567474,60.19002832978645,0,96.92089580930411,115.41281067649035,100.34467512495195,119.33383351391876,100.06237985390234,119.00114310505799,0,59.767301038062286,94.06211374101063,57.88235294117647,91.15019545502247,55.532103037293346,87.51096502811251,0,Eupenicillium tularense
12.214356575963718,45.2094572349594,13.226332199546485,48.82957783072224,12.170882936507937,45.018727534046775,0,70.22619047619048,84.29760181506217,77.81590136054422,92.22711429759156,71.78504109977324,85.9235171255251,0,43.451636904761905,75.81088102633082,43.80488236961451,76.57293110883442,38.20851048752834,70.13484236666346,0,freii
10.67433198769704,39.80035336727045,12.241613802383698,45.588837117378795,13.20549788542868,49.13610680624892,0,82.87382256824299,97.56108857774512,90.50112937331795,106.01305408376453,92.72549019607843,108.52071276048501,0,63.49392060745867,102.37213877671677,59.115316224529025,96.23415845973858,50.136077470203766,85.81235373570802,0,expansum
9.438722506290073,34.822499093341506,10.402848794740686,38.32733775538041,9.701383816248681,35.77854352999404,0,89.88371479587695,107.98682954920943,91.02193409625842,108.68569032343852,89.29177826475124,107.79716621735763,0,59.323796769742714,96.67536052050615,55.358940021102185,90.78747179158982,53.10356302248194,88.35554450304646,0,nordicum
4.986952479338843,18.419430463634356,6.843445247933884,25.06032411892438,6.535025826446281,23.954522866292816,0,50.95685950413223,65.68009213257794,57.93080061983471,71.19832314507174,52.562324380165286,65.55015649474848,0,44.19379648760331,84.649728156784,41.34604338842975,79.29435384368726,40.887443181818185,78.65009109945662,0,paneum
10.862631523009885,40.60584924887833,13.936390689765119,51.418407020166164,15.311191412477415,56.249628032483166,0,74.61366776490594,89.6871081049179,88.02303645445849,103.8528009632769,96.30752471038367,113.17410179528858,0,45.14592411520884,81.01510407009889,41.6415665851844,73.39375328228166,38.09355404400043,67.14728181787764,0,formosanum
7.420728895399305,27.747283209901532,8.508863661024305,31.68052144476989,8.170817057291666,30.483008756222915,0,57.88532172309028,69.03568055598512,62.10383436414931,73.41617021767797,56.9853515625,67.67932653699654,0,50.15064832899306,87.45975557566754,47.578219943576386,82.86549207826286,46.283121744791664,81.18669810685533,0,polonicum
9.94654955576291,36.47994106364626,10.48939105034687,38.43225594106572,10.222737230719298,37.472430189851636,0,60.84446630694957,73.14713602162288,62.477057892815125,74.59142889099945,58.26408779260822,69.98115822430182,0,45.84342163982312,78.10603619440758,43.51501075094324,73.9187943734221,42.78681690940809,72.87802912489921,0,flavigenum
7.285903599605523,27.320785431225605,8.498726166995398,31.755485362611335,8.09753040762656,30.293475376304016,0,56.03053090072321,69.00175553733605,61.80961333004602,74.5564148036535,57.45482001972387,70.12163953016567,0,58.0178952991453,94.88198137157075,54.858953813280735,89.63690564988026,49.47751273833005,83.09301744274066,0,discolor
8.231111754115226,30.521553306744526,9.269129372427983,34.347303712349515,8.724713863168724,32.38654521743026,0,64.49526856138546,77.3875009645741,68.2889017489712,81.27165565495307,62.29835390946502,74.82263534499317,0,36.69135802469136,76.46845961750887,35.04426011659808,72.78837576611254,33.5110811042524,70.21188625462253,0,polonicum
8.969161184210526,33.52921882274057,9.739211824792244,36.289260449874284,8.87549774930748,33.142478512956636,0,65.86353012465374,78.65106463081227,68.79838988919667,81.60876256417585,65.10024238227147,78.32722078698175,0,52.67219961911357,85.45785466015103,49.90990737534626,80.53715996819668,45.75452302631579,75.02992096410328,0,tulipae
11.68526018297302,43.3927672003193,12.70833576131927,47.06205827082687,12.471111823320319,46.26495599076354,0,60.81634228774547,73.76045609650636,66.08583415884856,78.99611416791261,60.50941087349222,72.78599884274281,0,58.467950585630206,94.95309387732472,55.731586154652994,90.63212151494388,53.90900879902104,88.10974432426607,0,dipodomyis
10.27123137783015,39.405231630476614,10.822531773419746,41.36927190006301,10.752882753976937,41.08683661135789,0,70.41368571669051,83.90718167311738,73.02148388182813,86.53732459829341,70.02741772578065,83.0580271495315,0,58.95290800437674,96.49421595960601,55.30292062957663,91.01923765601015,52.1000126251999,87.09847496110609,0,entromorphobium
7.567206216934843,28.16646000051038,8.665017406321098,32.1212252339508,8.35486965817823,31.049276545704274,0,57.75134316493517,69.45705867624623,61.85472574764946,73.70290706051247,57.22540500534525,68.52366531638323,0,44.819536196924425,83.12362490274371,42.32825991612072,78.40975826355458,41.59507003645734,77.44446295992799,0,polonicum
13.20257118383743,48.148654200305494,14.21741345699433,51.83957724359184,15.050175744328923,54.87439661405846,0,83.97860054347827,96.6101917644973,88.58594488421551,101.80278536074323,93.06356332703214,106.93688660684654,0,41.710331994328925,72.77512832755876,39.5820090973535,68.94799087762802,38.35575673440454,68.2479407385059,0,Eupenicillium egyptiacum
14.119945111653218,52.354196458876274,14.388792456370801,53.33696037305552,15.604006380183899,57.830432139872734,0,79.654156502158,92.27351349149464,84.86690748733346,98.22956695423284,95.7240335897917,110.76959987428658,0,51.96619909926815,85.35504251270693,47.58242634640646,77.84891438223953,44.307116719834866,73.09572786157548,0,nalgiovense
9.009005190311418,33.08718633968465,10.159437716262977,37.19116802779839,10.023114186851211,36.69405779545741,0,60.369108996539794,72.00579702542665,65.60147923875432,77.22967182775726,63.05754325259515,74.77979791804172,0,44.018235294117645,78.11705060233078,43.385121107266436,76.19506918136409,41.32115051903114,72.91230383770565,0,expansum
7.301165452653486,27.33759607010677,8.878969823100936,33.0695714936555,8.777325702393341,32.742429678926555,0,55.039604578563996,65.1845323660447,61.89372528616025,72.08780442260833,57.114006243496355,66.34513509328163,0,57.37315296566077,94.125847672956,54.945650364203956,90.31052506706247,51.240978147762746,85.31337211288124,0,palitans
12.032082185491277,45.06522576613573,12.513071051423324,46.74301668450243,12.375990013774105,46.23439170616219,0,68.55041896235078,80.61014696395743,72.72407311753902,85.26940445574347,69.91650883838383,82.04526332950589,0,54.9550906795225,91.28998830025967,53.95259412304867,89.8108395772859,52.95873507805326,88.51776490881842,0,griseofulvum
11.291694214876033,41.47516080827295,11.277107438016529,41.39624374976442,10.374855371900827,38.18445120760663,0,86.3067561983471,100.55485516125677,96.32047520661158,111.44556616183714,100.7899173553719,116.93946267790567,0,50.64361570247934,83.21767132536186,46.586012396694215,76.0291255536173,41.3198347107438,66.97284896992612,0,spinulosporum
11.502152194707195,43.01446797836192,12.174553618875544,45.30641044785303,11.978584334148156,44.678317652037286,0,54.49566239770432,64.48032895861796,60.78488016792433,71.11070084781234,58.15608061430545,67.95595393211268,0,48.06107848868105,79.38764968472114,46.986203369114676,77.39542648130481,44.59995748751196,73.45859929867154,0,ulaiense
8.72308613981293,32.28540660034074,10.788856966167641,39.89621061845224,10.447099899507846,38.74677234137852,0,58.93558195263985,70.97804610267144,65.88798989925017,79.41471051069367,61.92316215310881,76.2138186853337,0,45.53365842974568,78.3911021209632,42.985982632894434,74.3152128867168,36.632656084928755,65.23611122307038,0,hirsutum
11.36273360975903,42.64683377111653,11.972041944594675,44.83503085467775,11.880025238867857,44.47787485374529,0,69.920903190914,81.65501976852944,74.06521543176491,86.15097506045818,71.83101977044649,83.59881681817515,0,52.740895979808904,89.37297873892058,51.185565771287784,86.74406809531905,50.088906916651645,85.27950241279623,0,griseofulvum
5.291012757193799,19.750436793066655,7.149010316355524,26.473759184536302,6.839591159588871,25.354389871010124,0,51.944018039320376,65.7322235522838,59.42084914475315,72.056005826799,53.87812017314697,66.18558898009778,0,44.27316889456723,85.32751946943705,41.671731088270626,80.39472092841187,40.820155031368586,78.97734641343746,0,paneum
10.545510204081634,38.63578124075539,11.382742346938775,41.6053644700051,11.272755102040817,41.22979458832799,0,74.29567602040817,87.39106199146426,77.12220663265306,90.0334341340498,73.99132653061224,86.45874931398944,0,57.38105867346939,96.07648651525376,56.30553571428572,94.34703871479316,55.73878826530612,93.82105753671466,0,mononematosum
8.929862825788751,33.453738995719206,10.31164609053498,38.4528376466021,9.74838134430727,36.43344450809164,0,71.22240054869684,86.01552266998763,75.80522633744856,90.09919494734304,70.64404663923183,84.85623720555056,0,63.96827160493827,103.69464997598772,61.71855967078189,100.35543135296999,58.71695473251029,96.03241091285265,0,echinulatum
9.098214285714286,33.8176731616994,9.86640802154195,36.53070358099189,9.174337443310657,34.01145430545188,0,65.40541737528345,77.7066865540017,67.87628436791383,80.10005109510008,64.60915355725623,77.14407326648796,0,48.99171804138322,81.71659268761236,43.32333297902494,72.54435185393858,37.15357497165533,64.42810628141925,0,tulipae
8.73751275510204,32.369833382350656,10.10829081632653,37.26599995557641,9.547742346938776,35.27101618769739,0,70.82433673469387,86.20244257965517,75.00359693877552,89.79986825773103,70.20732142857143,85.1206120717181,0,59.12434948979592,98.06792098583783,56.37281887755102,93.80038903503127,52.94461734693878,88.67162186741493,0,echinulatum
12.975940101070154,48.308894918266176,14.271774673008323,53.12277561969267,14.979525862068966,55.75583892805552,0,83.50486771700356,97.53332313453997,86.91628269916765,101.49143374977928,91.060512039239,106.28263801645039,0,36.26699985136742,69.85360412808626,34.678804994054694,65.99972964307202,33.49931257431629,63.73197822582912,0,gladioli
11.202172550154321,41.13693626975002,11.92556423611111,43.73159589116914,11.9052734375,43.66937355954207,0,69.3909625771605,82.05279470641518,72.34766830632717,84.82647823776999,70.02165316358025,82.18647014383531,0,56.580367476851855,94.45928832171927,55.52402826003087,92.69412540109809,55.24897521219136,92.6746738088541,0,mononematosum
6.590431588613407,24.446092645554963,7.991919191919192,29.571586095719383,7.698457300275482,28.51754924073745,0,55.69464646464647,68.63508240682853,60.60154269972452,72.52814457297352,56.61836547291093,68.45484374011241,0,50.81137741046832,85.11136616863921,47.16154269972452,79.06167381078771,45.4607621671258,76.78371717073357,0,melanoconidium
16.077075962539023,59.09250619351517,16.130291363163373,59.28687444967001,16.232122788761707,59.65938079916401,0,96.85164412070759,110.73465711364025,98.28361082206035,112.36033537477088,99.47138397502601,113.71087422410244,0,51.39207075962539,87.18245042673473,50.97382934443288,86.16206018793181,50.55821019771072,85.83810605621672,0,Eupenicillium molle
7.56160063269164,28.136179701604078,8.733555804174221,32.37736031582317,8.32573974769492,30.90087619139428,0,56.90758458392809,70.52361004139074,62.0772443192778,75.32006089443576,57.585210832915394,70.7050169024337,0,54.174269896994716,90.67020806047975,49.442276532541186,83.35522867153436,42.72991975618225,75.64514571938714,0,discolor
12.222688905121338,44.942327251480435,13.077063550036524,48.06254534042328,13.678556935313692,50.269480704136754,0,81.63081324567811,96.20210187316552,85.32253875497119,100.1998667103593,85.73685171658144,100.53242244080936,0,59.64262235208181,98.61486756613932,57.873001379758136,96.11259436360864,56.89110056001948,94.7789180722835,0,Eupenicillium crustaceum
9.468902109248242,35.499969874850684,10.225767682230636,38.278483258394395,10.16741782344811,38.072610639480466,0,65.62641968631692,78.02192637977465,69.59481100895378,81.87156305505982,69.22597800612944,81.5734154895567,0,46.54299621416982,81.71575199384688,43.78531939186347,77.0762359113823,42.73233279250045,75.79053770907555,0,griseofulvum
10.926636464497042,40.70714304196921,11.568440273668639,43.007237630837345,10.791674371301776,40.23193245975774,0,71.00120192307692,85.10100077698026,73.8263914571006,87.79848511347339,68.41292991863905,81.90025469945414,0,58.03790680473373,95.87437002589556,57.08251664201183,95.04227096673566,55.0093611316568,93.20424222874223,0,glandicola
9.176253234507259,34.39988689556145,10.19556159817552,38.03344266405654,9.55049120652603,35.70467885329162,0,61.07425112933643,73.00706174137159,68.29935090566204,81.22346504065155,65.33342835840533,78.26166263715133,0,47.16079338625499,81.88231406411704,44.705681768343496,77.01702449974846,40.36276917679049,69.34815331290173,0,tricolor
8.367101234567901,30.862755565991822,9.37473086419753,34.55639751016862,8.736587654320987,32.26444883110981,0,62.08783703703704,74.89754267973326,65.56547160493827,78.54219006141624,59.68884938271605,71.99375353641835,0,37.75284938271605,76.76072917672771,36.93286419753086,74.61830458523399,35.435056790123454,72.29163238752811,0,polonicum
15.692837314632186,57.138322928537335,16.64999269486449,60.56311516160124,16.713930893418073,60.78376300533458,0,97.54284461976769,113.67210863363749,100.859248301556,117.3580528198728,100.98659507633866,117.47394040374036,0,59.34549638395792,97.64408463318928,57.209547812111914,95.09140744438675,54.15773613850537,92.96402375536333,0,neoechinulatum
14.840976331360947,56.0608938913686,15.481508875739644,58.47412116440057,15.44480399408284,58.33505663063786,0,96.52681213017752,113.57164077058104,100.5266272189349,118.11705200530068,100.84328772189349,118.47372852361039,0,55.70885724852071,88.8320898123239,53.6250924556213,85.40334965879431,51.11177884615385,81.27152528898007,0,Eupenicillium tularense
8.825731626705126,33.35669644713265,9.572005889069166,36.04621319283127,8.734841656150472,33.01265569290134,0,73.11644432425936,87.55378650591084,75.31530557057869,89.51670159746504,70.8142689742203,86.02299968663037,0,56.23024457664804,92.64985889606162,51.191154377741725,85.08633492064394,44.466618592632656,77.4779504434766,0,freii
15.754378689093786,57.63763698208625,15.823338219976081,57.88389751293478,16.007387832259557,58.55583237724776,0,89.43023031518845,106.0632427587477,90.49426140966784,107.27834037229397,91.59242506076154,108.7808783576083,0,34.59455653717063,68.72180266471543,36.12768604606304,68.45646648039626,35.954216658307935,68.04726578939405,0,Eupenicillium molle
11.761129887535692,43.59869120799434,12.17994289377076,45.096324747142845,11.763926927335238,43.58457786816973,0,75.17440708583416,89.4970415246988,78.26716100460347,92.87692553081793,76.58118699376493,91.26024600127407,0,54.60539886952975,92.79308261005546,50.87362333197366,87.26396224520052,47.5867665054484,84.45526941969942,0,entromorphobium
12.84536431760204,47.77799983728409,13.055703922193878,48.53293866799059,12.905791613520408,48.008822646619954,0,84.5493463010204,98.31188351013273,87.80805564413265,101.96752035302671,90.74693080357143,105.32426985331917,0,37.13173628826531,66.82991715775107,34.566127232142854,61.61511959710791,29.059151785714285,53.207668729148686,0,radicicola
